Track URI,Track Name,Album Name,Artist Name(s),Release Date,Duration (ms),Popularity,Explicit,Added By,Added At,Genres,Record Label,Danceability,Energy,Key,Loudness,Mode,Speechiness,Acousticness,Instrumentalness,Liveness,Valence,Tempo,Time Signature
spotify:track:4PMqSO5qyjpvzhlLI5GnID,"Good Days","SOS","SZA",2022-12-09,279203,81,true,ei6gacdifk3mm5v3wohfimd5j,2026-03-18T23:29:07Z,"r&b","Top Dawg Entertainment/RCA Records",0.461,0.651,1,-8.81,0,0.0568,0.418,0.0000126,0.782,0.383,121.07,4
spotify:track:4iZ4pt7kvcaH6Yo8UoZ4s2,"Snooze","SOS","SZA",2022-12-09,201800,87,true,ei6gacdifk3mm5v3wohfimd5j,2026-03-18T23:29:12Z,"r&b","Top Dawg Entertainment/RCA Records",0.559,0.551,5,-7.231,1,0.132,0.141,0,0.11,0.392,143.008,4
spotify:track:19woxaSpjOefa2JnAOoqW5,"Garden (Say It Like Dat)","Ctrl","SZA",2017-06-09,208397,70,true,ei6gacdifk3mm5v3wohfimd5j,2026-03-18T23:29:16Z,"r&b","Top Dawg Entertainment/RCA Records",0.73,0.457,9,-7.26,1,0.283,0.0705,0,0.124,0.549,111.352,4
spotify:track:3UoULw70kMsiVXxW0L3A33,"pov","Positions","Ariana Grande",2020-10-30,201882,75,false,ei6gacdifk3mm5v3wohfimd5j,2026-03-18T23:29:21Z,"pop","Republic Records",0.487,0.534,0,-5.664,0,0.0555,0.36,0,0.1,0.173,131.798,4
spotify:track:1TEL6MlSSVLSdhOSddidlJ,"needy","thank u, next","Ariana Grande",2019-02-08,171573,84,true,ei6gacdifk3mm5v3wohfimd5j,2026-03-18T23:29:24Z,"pop","Republic Records",0.647,0.309,7,-7.948,0,0.0367,0.778,0.00000731,0.202,0.195,87.046,4
spotify:track:39LmTF9RgyakzSYX8txrow,"imagine","thank u, next","Ariana Grande",2019-02-08,212266,69,true,ei6gacdifk3mm5v3wohfimd5j,2026-03-18T23:29:28Z,"pop","Republic Records",0.729,0.476,8,-4.985,1,0.0363,0.378,0,0.12,0.368,62.519,3
spotify:track:3xKsf9qdS1CyvXSMEid6g8,"Pink + White","Blonde","Frank Ocean",2016-08-20,184516,87,false,ei6gacdifk3mm5v3wohfimd5j,2026-03-18T23:29:42Z,"","Boys Don't Cry",0.545,0.545,9,-7.362,1,0.107,0.667,0.0000548,0.417,0.549,159.94,3
spotify:track:2ZWlPOoWh0626oTaHrnl2a,"Ivy","Blonde","Frank Ocean",2016-08-20,249191,84,true,ei6gacdifk3mm5v3wohfimd5j,2026-03-18T23:29:47Z,"","Boys Don't Cry",0.575,0.386,9,-9.584,0,0.037,0.785,0.000289,0.229,0.466,116.408,4
spotify:track:09mEdoA6zrmBPgTEN5qXmN,"Call Out My Name","My Dear Melancholy,","The Weeknd",2018-03-30,228373,85,false,ei6gacdifk3mm5v3wohfimd5j,2026-03-18T23:29:53Z,"","The Weeknd/Lyric",0.461,0.593,1,-4.954,1,0.0356,0.165,0,0.307,0.174,134.165,3
spotify:track:2ktg2oZDyFAX3iY1QNkXl5,"Session 32","Session 32","Summer Walker",2018-04-05,98026,70,false,ei6gacdifk3mm5v3wohfimd5j,2026-03-18T23:29:58Z,"r&b","LVRN Records",0.574,0.123,1,-13.959,1,0.196,0.894,0.00111,0.118,0.117,115.431,3
spotify:track:4hWgC5BV5M7EtTleKVXNxw,"Playing Games","Over It","Summer Walker",2019-10-04,143666,62,true,ei6gacdifk3mm5v3wohfimd5j,2026-03-18T23:30:04Z,"r&b","LVRN/Interscope Records",0.759,0.413,11,-7.282,0,0.0494,0.7,0,0.14,0.403,115.893,4
spotify:track:4eJxrea4fLH5NHZ3ZHdRT0,"Spotless Mind","Souled Out: 10th Anniversary Edition","Jhené Aiko",2024-09-13,269133,56,false,ei6gacdifk3mm5v3wohfimd5j,2026-03-18T23:30:10Z,"r&b","Def Jam Recordings",0.444,0.459,9,-8.821,1,0.0339,0.203,0.159,0.159,0.335,82.812,4
spotify:track:2QfznFotJNZmnIEYFdzE5T,"Heartbreak Anniversary","Heartbreak Anniversary","GIVĒON",2020-02-21,196794,72,false,ei6gacdifk3mm5v3wohfimd5j,2026-03-18T23:30:15Z,"r&b","Epic/Not So Fast",0.624,0.457,0,-8.876,1,0.0494,0.557,0,0.128,0.586,129.758,4
spotify:track:3tZs3nVjySLbL320lP4mvs,"Focus","H.E.R.","H.E.R.",2017-10-20,200140,67,false,ei6gacdifk3mm5v3wohfimd5j,2026-03-18T23:30:22Z,"r&b","MBK Entertainment/RCA Records",0.414,0.314,1,-12.943,0,0.0548,0.25,0.0000147,0.117,0.09,84.993,4
spotify:track:0KS2h61pHQ4WmOwruD7uxD,"Damage","Damage","H.E.R.",2020-10-21,223414,57,false,ei6gacdifk3mm5v3wohfimd5j,2026-03-18T23:30:31Z,"r&b","RCA Records Label",0.646,0.696,1,-6.505,1,0.065,0.113,0,0.115,0.18,81.336,4
spotify:track:1Q7EgiMOuwDcB0PJC6AzON,"Best Part (feat. H.E.R.)","Freudian","Daniel Caesar;H.E.R.",2017-08-25,209831,86,false,ei6gacdifk3mm5v3wohfimd5j,2026-03-18T23:30:35Z,"r&b","HV Recordings",0.518,0.365,7,-10.215,1,0.0374,0.799,0,0.1,0.437,75.256,4
spotify:track:0oufSLnKQDoBFX5mgkDCgR,"Trust","Lost","Brent Faiyaz",2018-10-19,158420,75,true,ei6gacdifk3mm5v3wohfimd5j,2026-03-18T23:30:40Z,"r&b","Lost Kids / Human Re Sources",0.764,0.394,8,-8.559,1,0.152,0.231,0.0000937,0.117,0.465,92.009,4
spotify:track:4AtZRwSR8BOTTQg5ihSggt,"PRBLMS","FREE 6LACK","6LACK",2016-11-18,246773,68,true,ei6gacdifk3mm5v3wohfimd5j,2026-03-18T23:30:53Z,"","LVRN Records",0.417,0.58,9,-4.574,1,0.207,0.0307,0.00000145,0.179,0.139,68.58,5
spotify:track:2gjidmxtA1pyj2HYrdOTG1,"I Want You Around","- Ugh, those feels again","Snoh Aalegra",2019-08-16,212787,67,true,ei6gacdifk3mm5v3wohfimd5j,2026-03-18T23:31:04Z,"alternative r&b","Artium Recordings, LLC",0.705,0.432,4,-9.7,1,0.205,0.381,0.133,0.0841,0.599,168.005,4
spotify:track:1otG6j1WHNvl9WgXLWkHTo,"After The Storm (feat. Tyler, The Creator & Bootsy Collins)","Isolation","Kali Uchis;Tyler, The Creator;Bootsy Collins",2018-04-06,207454,81,false,ei6gacdifk3mm5v3wohfimd5j,2026-03-18T23:31:13Z,"funk","EMI",0.702,0.659,4,-6.766,0,0.13,0.301,0.00201,0.218,0.843,79.64,4
spotify:track:7x8pIrhMu9FCmqqHNyuH0P,"cellophane","MAGDALENE","FKA twigs",2019-11-08,204066,57,false,ei6gacdifk3mm5v3wohfimd5j,2026-03-18T23:31:21Z,"art pop,alternative r&b","Young",0.431,0.284,2,-11.858,1,0.0432,0.871,0.000136,0.0899,0.229,98.317,1
spotify:track:5fEB6ZmVkg63GZg9qO86jh,"Break from Toronto","PARTYNEXTDOOR","PARTYNEXTDOOR",2013-07-01,99213,83,true,ei6gacdifk3mm5v3wohfimd5j,2026-03-18T23:31:29Z,"dark r&b,r&b,trap soul","OVO Sound",0.595,0.678,9,-5.18,1,0.0335,0.0199,0.00389,0.418,0.259,117.067,4
spotify:track:3EaJDYHA0KnX88JvDhL9oa,"Dark Red","Dark Red","Steve Lacy",2017-02-20,173104,86,false,ei6gacdifk3mm5v3wohfimd5j,2026-03-18T23:31:35Z,"","Three Quarter",0.603,0.784,6,-4.023,1,0.062,0.446,0.00000832,0.119,0.769,172.041,4
spotify:track:6ZVVax9sMTB6HPKu36eYZs,"Hurt","Collapsed In Sunbeams","Arlo Parks",2021-01-29,216026,49,false,ei6gacdifk3mm5v3wohfimd5j,2026-03-18T23:31:40Z,"","Transgressive",0.648,0.361,4,-9.488,0,0.0356,0.728,0.000204,0.168,0.716,94.935,4
spotify:track:6rSUrh8ErKSKfbH0t0IzCM,"Moment","JAGUAR","Victoria Monét",2020-08-07,179413,58,true,ei6gacdifk3mm5v3wohfimd5j,2026-03-18T23:31:45Z,"alternative r&b","Tribe Records",0.571,0.431,1,-8.889,1,0.0547,0.637,0.00524,0.122,0.361,130.111,4
