0.000558474,0.000825462,0.000375499,0.000204861,0.000270255,0.000419968,0.000408619,0.000298823,0.000342418,0.000453401,0.000653739,0.000773541,0.000573807,0.000308632,0.000242274,0.000275549,0.000405495,0.00036771,0.000303118,0.000227523,0.000298521,0.000669351,0.00110394,0.000613043,0.000241586,0.000288697,0.000263377,0.000286043,0.000500244,0.000446026,0.000309377,0.000457912,0.000426288,0.000656237,0.000767751,0.000208794,0.000235867,0.000348975,0.000386485,0.000357323,0.000226408,0.000314463,0.000591516,0.000858481,0.00117142,0.000654309,0.000206313,0.000302899,0.000316742,0.000299184,0.000342091,0.000512192,0.000604993,0.000613887,0.000602746,0.000456832,0.000287927,0.000195052,0.000286082,0.000301038,0.000337215,0.000261407,0.000205331,0.000319495,0.00054039,0.00067413,0.000357895,0.000172081,0.000172922,0.000204295,0.000305037,0.000285442,0.000329818,0.000347102,0.000342721,0.00055763,0.000952067,0.00129126,0.00122892,0.000455216,0.000186847
0.000663678,0.00090874,0.000463934,0.000258555,0.000350965,0.000791536,0.000676319,0.000450483,0.000413219,0.000662107,0.000888517,0.00106524,0.00072622,0.000344058,0.00025297,0.00031301,0.000503982,0.000470699,0.000355538,0.000255222,0.000371424,0.000790078,0.00117017,0.000676881,0.000264653,0.000314406,0.000325024,0.000328145,0.000511626,0.000454692,0.000349607,0.000513008,0.000579319,0.000750403,0.000848846,0.000271448,0.000267026,0.00037125,0.000425031,0.000397798,0.00023748,0.00032257,0.000627465,0.000930685,0.00123722,0.000669858,0.000215409,0.000317001,0.000333466,0.000316961,0.00035713,0.00052735,0.00064437,0.000684393,0.000667952,0.000501558,0.000312925,0.000232315,0.000332825,0.00033056,0.000346824,0.000293444,0.000264467,0.000442348,0.000672604,0.000798927,0.000370832,0.000178749,0.000190577,0.00021628,0.000335725,0.000298,0.000336227,0.000354141,0.000373083,0.000630039,0.00104539,0.00135092,0.00124939,0.000484213,0.000229598
0.00286604,0.00547446,0.00149533,0.000364318,0.000358693,0.000799948,0.000726769,0.000544845,0.000433241,0.000738639,0.000915371,0.00116871,0.000830043,0.000925963,0.000343538,0.0003311,0.000748346,0.00105491,0.000683827,0.000331875,0.000421405,0.000801442,0.00133103,0.00104128,0.000278467,0.000338289,0.000776339,0.00144644,0.000798016,0.000573065,0.000392965,0.000521397,0.000597052,0.000840965,0.000966783,0.000366778,0.000396936,0.000478926,0.000604113,0.000700691,0.000431764,0.000404898,0.000670736,0.00094197,0.00149863,0.000931079,0.000270281,0.000407411,0.000480039,0.000442095,0.000471931,0.000615223,0.000784328,0.000889165,0.000967369,0.000783882,0.000562134,0.000316631,0.000452682,0.000783849,0.000622745,0.000346374,0.000313674,0.00069747,0.000826016,0.000837736,0.000494321,0.000523742,0.000463204,0.00028387,0.000766857,0.00133155,0.00108695,0.000538874,0.000519878,0.00076137,0.00108215,0.00138879,0.00127455,0.000542324,0.000285014
0.00672422,0.00818068,0.0123488,0.0115319,0.000359322,0.00080034,0.000729665,0.000547469,0.000705712,0.00131279,0.00117719,0.00406907,0.0092811,0.00704365,0.000818851,0.00288999,0.004424,0.0018799,0.00145761,0.000586353,0.000507784,0.000839012,0.00138321,0.00104128,0.00611009,0.00572387,0.000781448,0.00144644,0.000801995,0.000651954,0.000699121,0.00170703,0.00219836,0.00326804,0.00478599,0.00289733,0.000400124,0.000489427,0.00061174,0.000712872,0.000521197,0.000956833,0.00135156,0.000943162,0.00381418,0.00456739,0.000356604,0.000990993,0.00101992,0.000801047,0.000618127,0.000631725,0.000824175,0.00144547,0.0028438,0.00248819,0.000624743,0.000474495,0.000552929,0.000943093,0.00439001,0.000432444,0.000339112,0.000770666,0.000901957,0.000890794,0.000586039,0.000555248,0.000580351,0.00119071,0.00265686,0.00152615,0.00116187,0.000672792,0.00063866,0.000840811,0.00154952,0.00163168,0.00136265,0.000559147,0.000292067
0.00772907,0.0302033,0.0327392,0.0139314,0.000359322,0.00084666,0.00301656,0.00313964,0.00949816,0.00658876,0.00705297,0.00995622,0.00928736,0.00704365,0.000818851,0.00288999,0.0044468,0.00235052,0.00176646,0.000586353,0.00188533,0.0196259,0.0200798,0.0103285,0.0163801,0.00901919,0.00181215,0.00269709,0.0455094,0.0464148,0.000699121,0.0017073,0.00220207,0.00326804,0.00478599,0.00289733,0.000400124,0.0011935,0.00131718,0.000714451,0.000521197,0.000956833,0.0020099,0.0552527,0.0936422,0.0404109,0.000356604,0.000990993,0.00102247,0.000960439,0.0228716,0.02268,0.000824175,0.00144547,0.0028438,0.00248819,0.000624743,0.000474495,0.000552929,0.000943093,0.00447021,0.000485078,0.000339112,0.0627766,0.127004,0.0856876,0.0346552,0.0140391,0.000580351,0.0014794,0.0124682,0.015973,0.00116187,0.000672792,0.00063866,0.000840811,0.00154952,0.00163168,0.00136265,0.000559147,0.000692371
0.0377637,0.194512,0.181828,0.0254578,0.000420766,0.00110763,0.00331291,0.00343986,0.00985181,0.0189109,0.0192035,0.0112411,0.0106751,0.00709845,0.000818851,0.00288999,0.0586096,0.0552099,0.00250978,0.00103949,0.00490672,0.0406607,0.0469067,0.0336905,0.0486547,0.0141999,0.00181215,0.00628642,0.0533798,0.0515336,0.00304064,0.00274489,0.0149907,0.0149052,0.00479034,0.0069323,0.0122125,0.0145986,0.00210134,0.00343612,0.000968488,0.000968892,0.00480685,0.103258,0.172531,0.0472908,0.000642233,0.00130942,0.00354269,0.00368965,0.0231178,0.0227302,0.00539957,0.00396546,0.00565816,0.0143445,0.00163201,0.000474495,0.00111691,0.0172099,0.00704207,0.000771245,0.00154253,0.0763384,0.154788,0.113789,0.0788865,0.0304817,0.000922477,0.00187456,0.0168742,0.0172597,0.00300148,0.000672792,0.00169,0.00398005,0.00179606,0.00336281,0.00325775,0.00704036,0.00100063
0.067137,0.351542,0.225546,0.0311943,0.000420766,0.00110763,0.0209364,0.0317892,0.0124115,0.0189109,0.0217828,0.0413846,0.0167499,0.00867151,0.00447353,0.00305539,0.0604002,0.0554083,0.00403618,0.00119931,0.00957222,0.0957954,0.0934678,0.0406304,0.0486547,0.0146249,0.00231313,0.0116919,0.100295,0.098103,0.0077118,0.00961677,0.0154121,0.0195842,0.00559738,0.0077667,0.012409,0.015063,0.00991876,0.011733,0.000968488,0.00480339,0.0146629,0.124416,0.1855,0.0472908,0.000642233,0.00170563,0.00795739,0.0186221,0.037423,0.0358338,0.00539957,0.00501904,0.00612273,0.0148229,0.00213882,0.00360708,0.0435213,0.0580278,0.0143233,0.00204336,0.00154253,0.0785482,0.154788,0.116363,0.108947,0.0357541,0.000922477,0.00193104,0.0268798,0.0639808,0.00692127,0.00110074,0.00210994,0.00418163,0.00183129,0.00548883,0.0234931,0.0198104,0.00100063
0.2193,0.382279,0.231721,0.0311943,0.000420766,0.00349359,0.0243487,0.0327042,0.0124115,0.0189109,0.0219116,0.0526687,0.02594,0.00867151,0.00447353,0.00305539,0.0622934,0.0575441,0.00434754,0.00119931,0.0199241,0.153972,0.153497,0.0569947,0.0516499,0.0156235,0.0122495,0.0215699,0.10142,0.098103,0.0077118,0.0104985,0.0201941,0.0289203,0.0109117,0.0077667,0.012409,0.015063,0.0111673,0.0118508,0.000968488,0.00480339,0.0226865,0.188159,0.23495,0.0520321,0.000642233,0.00260858,0.0117588,0.0189281,0.037423,0.0360649,0.00748429,0.00586759,0.0234034,0.0174085,0.00213882,0.00360708,0.0435213,0.0582071,0.0162641,0.00225834,0.00154253,0.0841633,0.215398,0.181296,0.133444,0.0378223,0.000922477,0.00212814,0.0273784,0.0639808,0.00692127,0.00122465,0.00267999,0.0172776,0.0389471,0.00915884,0.0234931,0.0198104,0.00127264
0.256516,0.396912,0.236251,0.0368768,0.00402835,0.00349359,0.0244563,0.0434965,0.0400105,0.0363664,0.0224047,0.0534403,0.0269044,0.00883524,0.00584272,0.00648614,0.0670134,0.0604959,0.00487523,0.00119931,0.0343065,0.213358,0.20941,0.0596717,0.0516499,0.0156235,0.0123998,0.0216025,0.10142,0.098103,0.0077118,0.0109096,0.0218388,0.0303039,0.0124941,0.0077667,0.0144312,0.022489,0.0181202,0.01254,0.000968488,0.0182502,0.079766,0.254844,0.250445,0.0520321,0.000642233,0.00260858,0.0144353,0.0213556,0.037423,0.0360649,0.00748429,0.007344,0.0264975,0.0179636,0.00262692,0.00360708,0.0475597,0.0695826,0.0238077,0.00235709,0.00154253,0.11109,0.285709,0.238542,0.141427,0.0378223,0.00230809,0.00566317,0.0304873,0.0639808,0.00692127,0.00122465,0.00375679,0.018805,0.0396292,0.009691,0.0238164,0.0198104,0.00354655
0.349844,0.444122,0.250268,0.0501136,0.00667214,0.00337829,0.0243284,0.0436175,0.0453327,0.0573417,0.0367809,0.0564223,0.0333621,0.0598007,0.041737,0.00894751,0.0672661,0.0607327,0.00535693,0.00210235,0.0431478,0.230857,0.273291,0.11014,0.0709294,0.0195394,0.0134171,0.0242241,0.104235,0.135673,0.0806921,0.0433692,0.0217665,0.0302975,0.0125844,0.00779774,0.0189513,0.03515,0.0259999,0.0133286,0.000966406,0.0202403,0.105237,0.315146,0.294413,0.0600012,0.000904678,0.00333826,0.014674,0.0215839,0.0420666,0.0578999,0.0310581,0.00726215,0.0263926,0.0308963,0.0333074,0.0213343,0.0572091,0.0753037,0.0248485,0.00252527,0.00325641,0.115282,0.343877,0.301159,0.155772,0.0387582,0.0024538,0.0059231,0.0318451,0.0687535,0.0221145,0.0215369,0.0104836,0.0185172,0.0388947,0.00864646,0.0309015,0.0289932,0.00904983
0.353724,0.475427,0.278386,0.0569901,0.0117576,0.0160182,0.0282364,0.045212,0.0462557,0.0595737,0.040318,0.0582844,0.0334277,0.0597366,0.0460369,0.0192176,0.0681759,0.0607293,0.0053285,0.0038085,0.0586276,0.257004,0.276716,0.110619,0.0710434,0.0206082,0.0144631,0.0350811,0.111163,0.136371,0.0897014,0.0488346,0.0272539,0.0330491,0.0267102,0.0474249,0.0314202,0.035311,0.025939,0.0144248,0.00402131,0.0203096,0.110572,0.358593,0.324546,0.0658487,0.00596541,0.00574005,0.0147702,0.0216537,0.0431897,0.0605162,0.0552047,0.030565,0.0319657,0.0310749,0.0338999,0.0213191,0.0571881,0.0755233,0.0306092,0.019942,0.0231207,0.129429,0.352447,0.305839,0.164954,0.0493124,0.00844391,0.00657722,0.0331167,0.0791606,0.0308119,0.0237094,0.010638,0.0210693,0.06466,0.0584397,0.0346598,0.0290205,0.00919651
0.379093,0.567206,0.321143,0.057651,0.0117261,0.0159765,0.0282966,0.0452214,0.0483418,0.0641413,0.0546522,0.0636255,0.0347693,0.0698023,0.0625065,0.0238847,0.0707311,0.0659832,0.00835758,0.0046305,0.0618148,0.279942,0.295359,0.112261,0.0884744,0.0260516,0.0168981,0.0399956,0.11452,0.13762,0.0939333,0.0502207,0.028197,0.0332679,0.0285523,0.0496142,0.033216,0.0359883,0.0306142,0.0276237,0.0111867,0.0211049,0.114318,0.368501,0.387278,0.0952844,0.00895887,0.00712238,0.0162536,0.0267279,0.0440657,0.0616104,0.0556382,0.0324667,0.0329972,0.0432941,0.0496359,0.024494,0.0576142,0.0806271,0.0494332,0.027949,0.0245801,0.130685,0.352674,0.311337,0.177222,0.0505241,0.0086562,0.00976655,0.0551155,0.0832342,0.031025,0.024219,0.0161527,0.0314565,0.068622,0.0601732,0.0352812,0.029123,0.00975934
0.381754,0.571742,0.322001,0.0584453,0.0126368,0.0179456,0.0309755,0.0469655,0.0483947,0.0650186,0.0558474,0.0796601,0.0464207,0.0701531,0.0637208,0.0248892,0.0726913,0.0669052,0.0110465,0.0171231,0.0858549,0.30465,0.297448,0.114433,0.0886949,0.0278037,0.0189546,0.0431629,0.117791,0.139042,0.0965235,0.0674083,0.0411713,0.0405743,0.0306499,0.0507292,0.0384655,0.0500453,0.0364432,0.0279413,0.0120861,0.021469,0.115909,0.369017,0.39491,0.0996604,0.00967864,0.0124326,0.0489868,0.0424566,0.0452826,0.0621066,0.0574643,0.034278,0.0414868,0.0457764,0.0507022,0.0255975,0.059717,0.0886664,0.0644297,0.0316483,0.0246728,0.133752,0.354795,0.325885,0.184419,0.0506467,0.0095633,0.0156138,0.0604949,0.0877082,0.0323939,0.0320913,0.0584731,0.0449889,0.0707917,0.0613324,0.0352854,0.0291812,0.0108096
0.452024,0.581827,0.323186,0.058437,0.0126172,0.0179028,0.0309459,0.0469485,0.0483913,0.0661178,0.0706211,0.116803,0.0764482,0.0895707,0.0652884,0.0256332,0.072657,0.0668725,0.0113677,0.0206563,0.100499,0.327668,0.338536,0.134656,0.104897,0.0334346,0.0216034,0.0443735,0.117814,0.140473,0.10386,0.08222,0.0652009,0.0669056,0.0353057,0.0514653,0.0396884,0.0577517,0.0377401,0.0308819,0.0125559,0.023552,0.11729,0.374151,0.39638,0.101032,0.0114152,0.0160202,0.0489816,0.0581952,0.049799,0.0629756,0.0574726,0.0347062,0.0432362,0.0467793,0.0523793,0.0288057,0.0620806,0.0956678,0.0733579,0.040304,0.0246675,0.134055,0.359593,0.328917,0.184475,0.0515633,0.0119029,0.0170409,0.0607074,0.0896198,0.037332,0.0329058,0.0718222,0.121089,0.0950336,0.0618999,0.0360172,0.0292324,0.0110736
0.451989,0.581818,0.32314,0.0584288,0.0126059,0.0178801,0.0309177,0.0468783,0.0482381,0.0658999,0.070269,0.116397,0.0761885,0.0894942,0.0652876,0.0256185,0.0726122,0.0668368,0.0113219,0.0206202,0.100454,0.327607,0.338386,0.13452,0.10481,0.0333432,0.0215159,0.0443306,0.117734,0.14044,0.103857,0.0821714,0.0651316,0.0668682,0.035297,0.051462,0.0396752,0.0577303,0.0377084,0.0308654,0.0125367,0.0235245,0.117255,0.374095,0.396129,0.100832,0.0113687,0.0160092,0.0489578,0.0581464,0.0497475,0.0629292,0.0575554,0.0419558,0.0512478,0.0520202,0.0545551,0.029138,0.0620216,0.095578,0.0733084,0.0403634,0.0288154,0.142563,0.378692,0.33969,0.191406,0.053141,0.0118713,0.0170238,0.0606635,0.0895071,0.0380896,0.0427367,0.082836,0.131824,0.108422,0.0729255,0.0428829,0.0324874,0.0116571
0.451956,0.581807,0.323139,0.0583547,0.0125715,0.0178248,0.0308518,0.0468532,0.0482212,0.0658853,0.070249,0.116336,0.0761291,0.0894528,0.0652312,0.0255885,0.0725644,0.0667269,0.011227,0.0205782,0.100426,0.327547,0.338332,0.134511,0.104792,0.0333184,0.0215075,0.0442861,0.117646,0.140355,0.10381,0.0821378,0.0650966,0.0668193,0.0352527,0.0514042,0.039569,0.0576269,0.0376309,0.0307816,0.0124752,0.0235083,0.117235,0.374062,0.396101,0.100824,0.0113472,0.0159717,0.0489175,0.0580787,0.0495913,0.0627253,0.05734,0.0417513,0.0510699,0.0518968,0.0544713,0.0290854,0.0619845,0.0955574,0.0732863,0.0403602,0.0288111,0.142557,0.378663,0.339666,0.191391,0.0531253,0.011842,0.0169942,0.0606205,0.089492,0.0380694,0.042706,0.0827918,0.131782,0.108395,0.0729123,0.0428622,0.0324676,0.0116325
0.451944,0.581782,0.323123,0.0583447,0.0125384,0.0177803,0.030814,0.0468177,0.048141,0.065848,0.0701641,0.116218,0.076033,0.0894077,0.0651188,0.0254149,0.0723908,0.0666838,0.0111895,0.0205416,0.100383,0.327494,0.338302,0.134505,0.104749,0.0332601,0.0214453,0.0442253,0.117606,0.140255,0.103723,0.082078,0.0650267,0.0667597,0.0352352,0.051398,0.039544,0.0575203,0.0375408,0.0306707,0.0124092,0.0234848,0.117215,0.374022,0.396067,0.100819,0.0113241,0.0159074,0.048842,0.0580283,0.0495535,0.0626971,0.0573087,0.0417121,0.0510113,0.0518185,0.0544502,0.0290825,0.0619616,0.0955091,0.0732127,0.0402875,0.0287603,0.142466,0.37858,0.339642,0.191374,0.053056,0.01179,0.0169475,0.0605798,0.0894085,0.0380064,0.0427046,0.0827602,0.131719,0.108392,0.072902,0.0427932,0.0324453,0.0116051
0.451839,0.581699,0.323035,0.058291,0.0124577,0.0174088,0.0305463,0.0466661,0.0480702,0.0656393,0.0699294,0.115926,0.0758806,0.0893723,0.0651082,0.0253774,0.0722923,0.0665808,0.0111371,0.0205139,0.10031,0.327373,0.338236,0.134442,0.104726,0.0332344,0.0213836,0.0441832,0.117595,0.140246,0.103683,0.0820229,0.0648736,0.0666656,0.0351541,0.0513354,0.0395128,0.0574981,0.0375022,0.0306303,0.0123981,0.0234767,0.117179,0.373949,0.396001,0.100803,0.011315,0.0158933,0.0488253,0.0580105,0.0495384,0.0626819,0.0572693,0.0416416,0.0509461,0.0517737,0.0544252,0.0290452,0.0619149,0.0954796,0.073203,0.0402554,0.0287011,0.142343,0.378447,0.339517,0.191361,0.0530493,0.0117723,0.0169355,0.0605491,0.089396,0.0379999,0.0426975,0.0827299,0.131646,0.108299,0.0728424,0.0427728,0.0324163,0.0115623
0.449637,0.577133,0.322003,0.0581852,0.0124499,0.0174003,0.0304959,0.0465717,0.0480502,0.0655628,0.0699025,0.115823,0.0757768,0.0887904,0.0650176,0.0253593,0.072048,0.0659966,0.0108088,0.0204372,0.10026,0.327361,0.338075,0.134077,0.104712,0.0332105,0.0209323,0.0430649,0.117308,0.140128,0.10364,0.0820145,0.0648559,0.066575,0.0350362,0.05124,0.0393829,0.0573904,0.0373231,0.0303274,0.0122039,0.0233944,0.117136,0.373938,0.39574,0.100542,0.0112601,0.0158029,0.0486787,0.0578853,0.0494236,0.0625941,0.0571294,0.0414368,0.0506467,0.0514914,0.054176,0.0289609,0.061795,0.0950263,0.0729271,0.0402025,0.0286519,0.142088,0.378294,0.339478,0.191238,0.0527043,0.0114997,0.0168679,0.0601179,0.0883624,0.0372492,0.0425128,0.0825831,0.131515,0.108262,0.0728045,0.0427476,0.0323582,0.0115069
0.445779,0.574427,0.31115,0.0470177,0.0124493,0.0173999,0.030493,0.0465691,0.0477777,0.0649886,0.0696407,0.112923,0.0673257,0.0826727,0.0645423,0.0228005,0.0683723,0.0651716,0.010035,0.0201828,0.100173,0.327324,0.338023,0.134077,0.0988805,0.0278249,0.0209272,0.0430649,0.117304,0.140049,0.103334,0.0808289,0.0632546,0.0641479,0.031217,0.0487095,0.0393797,0.0573799,0.0373155,0.0303152,0.0121144,0.0228424,0.116455,0.373937,0.393424,0.0969056,0.0111738,0.0152193,0.0481388,0.0575264,0.0492774,0.0625776,0.0570895,0.0408805,0.0487703,0.0497871,0.0541134,0.028803,0.0616948,0.094867,0.0691598,0.0401164,0.0286265,0.142015,0.378218,0.339425,0.191146,0.0526728,0.0113825,0.0159611,0.0582279,0.0881678,0.0371743,0.0423789,0.0824643,0.131436,0.107794,0.0725616,0.0426595,0.0323414,0.0114999
0.444774,0.552405,0.290759,0.0446182,0.0124493,0.0173536,0.0282061,0.0439769,0.0389853,0.0597127,0.0637649,0.107035,0.0673194,0.0826727,0.0645423,0.0228005,0.0683495,0.0647009,0.00972614,0.0201828,0.0987959,0.308537,0.319326,0.12479,0.0886105,0.0245296,0.0198965,0.0418142,0.0725968,0.0942862,0.103334,0.0808286,0.0632509,0.0641479,0.031217,0.0487095,0.0393797,0.0566758,0.0366101,0.0303136,0.0121144,0.0228424,0.115797,0.319627,0.303596,0.0610621,0.0111738,0.0152193,0.0481363,0.057367,0.027024,0.0405292,0.0570895,0.0408805,0.0487703,0.0497871,0.0541134,0.028803,0.0616948,0.094867,0.0690796,0.0400638,0.0286265,0.0800089,0.252116,0.254628,0.157077,0.039189,0.0113825,0.0156724,0.0484166,0.073721,0.0371743,0.0423789,0.0824643,0.131436,0.107794,0.0725616,0.0426595,0.0323414,0.0110995
0.414739,0.388096,0.14167,0.0330917,0.0123879,0.0170927,0.0279097,0.0436767,0.0386316,0.0473906,0.0516143,0.105751,0.0659317,0.0826179,0.0645423,0.0228005,0.0141867,0.0118415,0.00898282,0.0197296,0.0957745,0.287502,0.292499,0.101428,0.0563359,0.0193489,0.0198965,0.0382249,0.0647264,0.0891674,0.100992,0.079791,0.0504622,0.0525107,0.0312126,0.0446745,0.0275674,0.0432707,0.0358259,0.0275919,0.0116671,0.0228304,0.113,0.271622,0.224708,0.0541822,0.0108882,0.0149009,0.045616,0.0546378,0.0267778,0.0404791,0.0525141,0.0383605,0.0459559,0.0379308,0.0531061,0.028803,0.0611308,0.0786002,0.0665078,0.0397776,0.0274231,0.0664471,0.224332,0.226527,0.112846,0.0227464,0.0110404,0.0152772,0.0440106,0.0724343,0.0353347,0.0423789,0.0814129,0.128296,0.107548,0.0708305,0.0407644,0.0258602,0.0107913