0.000000000,0.165936
0.023219955,0.143168
0.046439909,0.136097
0.069659864,0.14196
0.092879819,0.144567
0.116099773,0.145449
0.139319728,0.130236
0.162539683,0.144804
0.185759637,0.133014
0.208979592,0.136737
0.232199546,0.165455
0.255419501,0.147256
0.278639456,0.140298
0.301859410,0.165707
0.325079365,0.157001
0.348299320,0.15207
0.371519274,0.148323
0.394739229,0.143068
0.417959184,0.126679
0.441179138,0.136001
0.464399093,0.136798
0.487619048,0.150691
0.510839002,0.15203
0.534058957,0.133637
0.557278912,0.133322
0.580498866,0.152276
0.603718821,0.134159
0.626938776,0.139527
0.650158730,0.142219
0.673378685,0.14426
0.696598639,0.153261
0.719818594,0.13581
0.743038549,0.160652
0.766258503,0.143519
0.789478458,0.132311
0.812698413,0.145497
0.835918367,0.130495
0.859138322,0.141892
0.882358277,0.143853
0.905578231,0.150627
0.928798186,0.135071
0.952018141,0.139772
0.975238095,0.192217
0.998458050,0.334749
1.021678005,24.0872
1.044897959,8.37845
1.068117914,6.61255
1.091337868,6.14664
1.114557823,6.13119
1.137777778,5.69713
1.160997732,4.53288
1.184217687,4.57318
1.207437642,14.088
1.230657596,18.2379
1.253877551,27.2607
1.277097506,30.6621
1.300317460,19.8174
1.323537415,15.2004
1.346757370,13.0046
1.369977324,12.9127
1.393197279,18.2651
1.416417234,15.2107
1.439637188,12.207
1.462857143,11.0319
1.486077098,16.8958
1.509297052,27.0747
1.532517007,22.9304
1.555736961,19.8403
1.578956916,18.7633
1.602176871,15.6423
1.625396825,28.9817
1.648616780,22.4434
1.671836735,18.7223
1.695056689,16.7277
1.718276644,12.9453
1.741496599,16.222
1.764716553,19.9302
1.787936508,16.3149
1.811156463,18.024
1.834376417,16.8832
1.857596372,16.3211
1.880816327,22.53
1.904036281,15.3917
1.927256236,16.3731
1.950476190,14.4219
1.973696145,15.7082
1.996916100,46.6808
2.020136054,23.6613
2.043356009,17.1489
2.066575964,16.3861
2.089795918,17.0017
2.113015873,14.477
2.136235828,18.3903
2.159455782,16.6452
2.182675737,17.8922
2.205895692,18.8499
2.229115646,21.4998
2.252335601,38.7289
2.275555556,22.8696
2.298775510,16.6648
2.321995465,12.9434
2.345215420,16.8228
2.368435374,30.6075
2.391655329,20.7928
2.414875283,20.8866
2.438095238,14.2285
2.461315193,16.407
2.484535147,18.9245
2.507755102,27.9467
2.530975057,51.2965
2.554195011,33.6474
2.577414966,25.9245
2.600634921,30.6673
2.623854875,26.332
2.647074830,20.0286
2.670294785,17.6001
2.693514739,15.8272
2.716734694,17.3847
2.739954649,30.9612
2.763174603,23.3913
2.786394558,21.4312
2.809614512,18.8764
2.832834467,17.3471
2.856054422,17.79
2.879274376,24.3962
2.902494331,35.9967
2.925714286,22.5431
2.948934240,19.0338
2.972154195,27.5453
2.995374150,36.5735
3.018594104,37.1464
3.041814059,27.5075
3.065034014,26.7979
3.088253968,31.551
3.111473923,27.8392
3.134693878,29.2274
3.157913832,25.4642
3.181133787,24.6273
3.204353741,25.0235
3.227573696,26.1425
3.250793651,30.6175
3.274013605,34.2924
3.297233560,24.8742
3.320453515,19.7337
3.343673469,18.1176
3.366893424,23.9632
3.390113379,18.8337
3.413333333,19.3212
3.436553288,17.2439
3.459773243,20.3398
3.482993197,24.5729
3.506213152,35.81
3.529433107,25.3162
3.552653061,24.0559
3.575873016,26.5808
3.599092971,23.3815
3.622312925,16.9444
3.645532880,21.5303
3.668752834,22.9144
3.691972789,19.2342
3.715192744,24.0746
3.738412698,23.5743
3.761632653,20.9503
3.784852608,19.2765
3.808072562,17.4082
3.831292517,17.6058
3.854512472,18.5084
3.877732426,26.0483
3.900952381,22.6221
3.924172336,17.4031
3.947392290,19.1483
3.970612245,16.9688
3.993832200,41.6431
4.017052154,31.4143
4.040272109,20.1873
4.063492063,18.602
4.086712018,15.2419
4.109931973,17.5198
4.133151927,13.1214
4.156371882,13.829
4.179591837,16.4196
4.202811791,19.6433
4.226031746,30.809
4.249251701,24.7198
4.272471655,19.8823
4.295691610,15.0773
4.318911565,23.303
4.342131519,22.1346
4.365351474,23.2002
4.388571429,22.1054
4.411791383,25.5666
4.435011338,23.3598
4.458231293,27.1781
4.481451247,29.7541
4.504671202,26.4791
4.527891156,21.7892
4.551111111,21.7031
4.574331066,27.4751
4.597551020,27.623
4.620770975,32.6098
4.643990930,34.5523
4.667210884,36.4175
4.690430839,52.537
4.713650794,35.459
4.736870748,22.9629
4.760090703,23.4693
4.783310658,13.6625
4.806530612,15.2556
4.829750567,22.7233
4.852970522,22.4776
4.876190476,19.7887
4.899410431,19.9077
4.922630385,19.4129
4.945850340,16.1653
4.969070295,38.0621
4.992290249,41.8471
5.015510204,46.6409
5.038730159,42.8053
5.061950113,37.6559
5.085170068,28.5982
5.108390023,28.8466
5.131609977,27.2831
5.154829932,18.1901
5.178049887,19.7851
5.201269841,19.0606
5.224489796,21.5121
5.247709751,35.7928
5.270929705,26.7975
5.294149660,18.062
5.317369615,16.5321
5.340589569,39.1039
5.363809524,35.4923
5.387029478,27.9365
5.410249433,27.2985
5.433469388,23.0296
5.456689342,27.9661
5.479909297,31.6037
5.503129252,27.2044
5.526349206,19.2995
5.549569161,22.4979
5.572789116,23.9922
5.596009070,22.0287
5.619229025,26.8087
5.642448980,25.086
5.665668934,18.4781
5.688888889,18.2544
5.712108844,47.6206
5.735328798,46.5595
5.758548753,28.7858
5.781768707,34.08
5.804988662,28.9567
5.828208617,22.9327
5.851428571,27.4217
5.874648526,27.6091
5.897868481,19.6775
5.921088435,21.5686
5.944308390,15.3019
5.967528345,18.7161
5.990748299,47.8529
6.013968254,31.5779
6.037188209,22.0103
6.060408163,18.6516
6.083628118,25.1605
6.106848073,25.1392
6.130068027,22.7104
6.153287982,25.9387
6.176507937,24.6103
6.199727891,23.915
6.222947846,18.4668
6.246167800,26.3488
6.269387755,22.3942
6.292607710,25.4407
6.315827664,21.7973
6.339047619,16.138
6.362267574,18.6699
6.385487528,16.3857
6.408707483,17.9465
6.431927438,16.9807
6.455147392,23.5329
6.478367347,23.0211
6.501587302,17.7078
6.524807256,22.6301
6.548027211,23.0168
6.571247166,18.4751
6.594467120,18.2821
6.617687075,25.5515
6.640907029,18.9042
6.664126984,16.5296
6.687346939,18.9874
6.710566893,17.9926
6.733786848,20.3442
6.757006803,26.0616
6.780226757,24.4219
6.803446712,18.0992
6.826666667,17.2295
6.849886621,22.8475
6.873106576,20.083
6.896326531,18.8597
6.919546485,20.5054
6.942766440,20.3949
6.965986395,39.4174
6.989206349,26.6948
7.012426304,17.4965
7.035646259,16.6461
7.058866213,14.7975
7.082086168,22.6967
7.105306122,26.6183
7.128526077,25.4531
7.151746032,26.7203
7.174965986,24.8069
7.198185941,26.1239
7.221405896,32.7174
7.244625850,28.7306
7.267845805,30.1681
7.291065760,21.6932
7.314285714,27.3094
7.337505669,41.9366
7.360725624,26.4472
7.383945578,16.4591
7.407165533,16.768
7.430385488,21.6201
7.453605442,29.5563
7.476825397,24.5782
7.500045351,18.2823
7.523265306,18.2112
7.546485261,21.3141
7.569705215,22.059
7.592925170,23.9482
7.616145125,18.6523
7.639365079,21.3986
7.662585034,25.2604
7.685804989,36.913
7.709024943,28.2443
7.732244898,28.638
7.755464853,23.0592
7.778684807,17.4485
7.801904762,20.9107
7.825124717,34.4317
7.848344671,26.9891
7.871564626,22.7603
7.894784580,21.8128
7.918004535,23.2207
7.941224490,27.0589
7.964444444,177.563
7.987664399,183.557
8.010884354,65.6746
8.034104308,33.284
8.057324263,30.2436
8.080544218,30.7815
8.103764172,34.6043
8.126984127,35.0708
8.150204082,26.2125
8.173424036,35.1899
8.196643991,28.8289
8.219863946,27.5133
8.243083900,20.8079
8.266303855,21.8999
8.289523810,22.8295
8.312743764,32.4588
8.335963719,32.2571
8.359183673,49.5427
8.382403628,29.8902
8.405623583,32.493
8.428843537,29.3524
8.452063492,33.3446
8.475283447,28.3471
8.498503401,27.85
8.521723356,26.2022
8.544943311,30.2261
8.568163265,30.7328
8.591383220,46.8523
8.614603175,48.6245
8.637823129,19.7249
8.661043084,23.7292
8.684263039,28.2653
8.707482993,29.761
8.730702948,39.4798
8.753922902,33.1527
8.777142857,40.352
8.800362812,44.3212
8.823582766,29.8522
8.846802721,23.6464
8.870022676,24.094
8.893242630,19.9807
8.916462585,25.9384
8.939682540,36.1637
8.962902494,36.3746
8.986122449,32.1826
9.009342404,23.7652
9.032562358,30.7292
9.055782313,41.5948
9.079002268,36.6924
9.102222222,34.7612
9.125442177,30.4419
9.148662132,33.6221
9.171882086,28.8616
9.195102041,32.4282
9.218321995,31.2203
9.241541950,22.9035
9.264761905,34.2272
9.287981859,28.6278
9.311201814,39.8891
9.334421769,25.0575
9.357641723,28.9715
9.380861678,33.6968
9.404081633,24.3012
9.427301587,51.3615
9.450521542,47.8424
9.473741497,35.6437
9.496961451,34.7912
9.520181406,31.9546
9.543401361,33.82
9.566621315,28.732
9.589841270,23.0381
9.613061224,21.1805
9.636281179,24.6859
9.659501134,25.0722
9.682721088,32.3988
9.705941043,35.0691
9.729160998,38.8706
9.752380952,36.9564
9.775600907,32.0262
9.798820862,52.9345
9.822040816,48.5863
9.845260771,40.5108
9.868480726,45.2124
9.891700680,48.2729
9.914920635,40.5889
9.938140590,40.6841
9.961360544,48.8649
9.984580499,48.0247
10.007800454,36.9888
10.031020408,27.1925
10.054240363,28.1957
10.077460317,28.9394
10.100680272,28.0987
10.123900227,33.9524
10.147120181,24.2683
10.170340136,22.361
10.193560091,27.6737
10.216780045,34.1488
10.240000000,25.5226
10.263219955,18.3133
10.286439909,17.8588
10.309659864,17.1623
10.332879819,26.9077
10.356099773,20.7345
10.379319728,19.1323
10.402539683,18.3956
10.425759637,19.623
10.448979592,27.8429
10.472199546,23.8531
10.495419501,21.8351
10.518639456,34.2915
10.541859410,32.8779
10.565079365,28.9973
10.588299320,36.8014
10.611519274,29.4817
10.634739229,27.6518
10.657959184,22.4323
10.681179138,34.4475
10.704399093,40.1907
10.727619048,30.3676
10.750839002,19.0269
10.774058957,25.3695
10.797278912,25.8504
10.820498866,27.0746
10.843718821,24.6768
10.866938776,25.5954
10.890158730,23.8087
10.913378685,20.2303
10.936598639,33.27
10.959818594,47.6667
10.983038549,36.1449
11.006258503,20.2684
11.029478458,17.4036
11.052698413,24.8503
11.075918367,31.7079
11.099138322,25.5117
11.122358277,22.9367
11.145578231,20.4994
11.168798186,17.8492
11.192018141,24.4603
11.215238095,21.1744
11.238458050,16.1773
11.261678005,20.4323
11.284897959,19.3875
11.308117914,24.8518
11.331337868,27.2743
11.354557823,18.5767
11.377777778,17.1639
11.400997732,17.9717
11.424217687,26.05
11.447437642,23.801
11.470657596,19.2984
11.493877551,15.5116
11.517097506,18.8615
11.540317460,17.6323
11.563537415,18.1779
11.586757370,15.7488
11.609977324,12.1684
11.633197279,15.9282
11.656417234,18.2465
11.679637188,19.7466
11.702857143,21.7343
11.726077098,13.9064
11.749297052,12.9341
11.772517007,11.4982
11.795736961,21.7395
11.818956916,18.8376
11.842176871,13.6801
11.865396825,11.892
11.888616780,12.3069
11.911836735,11.9491
11.935056689,20.6263
11.958276644,46.3502
11.981496599,17.3975
12.004716553,14.641
12.027936508,13.9449
12.051156463,16.9434
12.074376417,16.3045
12.097596372,13.7998
12.120816327,13.1767
12.144036281,16.713
12.167256236,28.414
12.190476190,40.9543
12.213696145,33.2605
12.236916100,19.5726
12.260136054,16.3591
12.283356009,13.0392
12.306575964,22.1322
12.329795918,29.2887
12.353015873,16.1023
12.376235828,10.4883
12.399455782,13.6963
12.422675737,14.3853
12.445895692,15.0391
12.469115646,12.6993
12.492335601,14.1513
12.515555556,14.2095
12.538775510,17.1286
12.561995465,18.7048
12.585215420,16.0384
12.608435374,12.06
12.631655329,12.5945
12.654875283,12.15
12.678095238,33.5291
12.701315193,37.2799
12.724535147,34.8479
12.747755102,24.0145
12.770975057,15.409
12.794195011,25.2745
12.817414966,21.3659
12.840634921,22.1739
12.863854875,21.8148
12.887074830,20.795
12.910294785,20.5256
12.933514739,31.0952
12.956734694,31.9158
12.979954649,24.522
13.003174603,15.4646
13.026394558,16.7119
13.049614512,26.8719
13.072834467,27.6653
13.096054422,32.4247
13.119274376,22.9361
13.142494331,13.9123
13.165714286,19.3525
13.188934240,27.1099
13.212154195,20.4826
13.235374150,17.1631
13.258594104,17.5756
13.281814059,20.9447
13.305034014,23.8142
13.328253968,18.8204
13.351473923,20.1324
13.374693878,17.2989
13.397913832,21.0037
13.421133787,24.2215
13.444353741,22.438
13.467573696,27.5397
13.490793651,19.8469
13.514013605,15.3866
13.537233560,21.8793
13.560453515,17.1751
13.583673469,19.1827
13.606893424,15.8761
13.630113379,17.6042
13.653333333,23.2292
13.676553288,19.8486
13.699773243,24.9401
13.722993197,28.972
13.746213152,25.7486
13.769433107,14.3909
13.792653061,22.0734
13.815873016,26.5204
13.839092971,23.3055
13.862312925,17.7724
13.885532880,20.4351
13.908752834,22.5336
13.931972789,54.8352
13.955192744,52.7285
13.978412698,26.1975
14.001632653,20.9746
14.024852608,20.6918
14.048072562,21.9996
14.071292517,27.5448
14.094512472,26.0713
14.117732426,28.1311
14.140952381,25.2009
14.164172336,28.443
14.187392290,37.8213
14.210612245,30.5001
14.233832200,20.4785
14.257052154,23.891
14.280272109,29.78
14.303492063,52.1303
14.326712018,47.0917
14.349931973,25.1437
14.373151927,35.5212
14.396371882,41.0732
14.419591837,46.2281
14.442811791,43.7435
14.466031746,42.7173
14.489251701,62.1315
14.512471655,66.4403
14.535691610,84.3247
14.558911565,97.352
14.582131519,95.8207
14.605351474,103.973
14.628571429,108.092
14.651791383,104.201
14.675011338,116.385
14.698231293,104.917
14.721451247,90.2132
14.744671202,57.5224
14.767891156,43.6407
14.791111111,53.8813
14.814331066,79.4952
14.837551020,66.4276
14.860770975,55.6761
14.883990930,54.4165
14.907210884,141.678
14.930430839,102.885
14.953650794,97.8764
14.976870748,77.7197
15.000090703,82.4537
15.023310658,78.8903
15.046530612,76.1361
15.069750567,77.9296
15.092970522,86.1381
15.116190476,78.7804
15.139410431,90.0037
15.162630385,77.7103
15.185850340,58.1612
15.209070295,71.879
15.232290249,71.4174
15.255510204,62.444
15.278730159,96.2038
15.301950113,91.4909
15.325170068,69.2524
15.348390023,71.386
15.371609977,67.7107
15.394829932,75.9813
15.418049887,94.9058
15.441269841,106.362
15.464489796,98.9758
15.487709751,75.295
15.510929705,70.5833
15.534149660,63.9122
15.557369615,55.7294
15.580589569,60.861
15.603809524,76.18
15.627029478,89.6797
15.650249433,92.9589
15.673469388,98.6627
15.696689342,105.506
15.719909297,103.252
15.743129252,53.5977
15.766349206,85.5873
15.789569161,100.336
15.812789116,88.6234
15.836009070,99.7109
15.859229025,66.9436
15.882448980,62.2968
15.905668934,54.2412
15.928888889,183.672
15.952108844,136.902
15.975328798,85.217
15.998548753,87.9948
16.021768707,77.412
16.044988662,85.0551
16.068208617,90.1375
16.091428571,60.6229
16.114648526,85.8931
16.137868481,97.253
16.161088435,136.174
16.184308390,120.562
16.207528345,91.5585
16.230748299,81.1223
16.253968254,97.923
16.277188209,81.7295
16.300408163,102.511
16.323628118,126.36
16.346848073,109.98
16.370068027,122.823
16.393287982,114.587
16.416507937,148.404
16.439727891,105.199
16.462947846,91.8858
16.486167800,103.878
16.509387755,116.364
16.532607710,316.182
16.555827664,311.506
16.579047619,164.505
16.602267574,184.974
16.625487528,188.004
16.648707483,157.117
16.671927438,194.46
16.695147392,162.058
16.718367347,136.154
16.741587302,141.894
16.764807256,147.162
16.788027211,121.703
16.811247166,140.475
16.834467120,104.809
16.857687075,111.168
16.880907029,446.965
16.904126984,589.686
16.927346939,577.486
16.950566893,411.196
16.973786848,318.953
16.997006803,294.09
17.020226757,158.231
17.043446712,80.9
17.066666667,137.025
17.089886621,188.199
17.113106576,186.751
17.136326531,257.751
17.159546485,122.976
17.182766440,99.438
17.205986395,95.3561
17.229206349,120.085
17.252426304,133.927
17.275646259,105.25
17.298866213,72.7064
17.322086168,76.1218
17.345306122,129.409
17.368526077,245.499
17.391746032,241.524
17.414965986,119.627
17.438185941,88.8083
17.461405896,80.1343
17.484625850,143.189
17.507845805,127.298
17.531065760,123.541
17.554285714,106.051
17.577505669,97.7878
17.600725624,92.8061
17.623945578,127.894
17.647165533,136.731
17.670385488,88.8385
17.693605442,83.1257
17.716825397,81.3567
17.740045351,108.53
17.763265306,108.373
17.786485261,78.8924
17.809705215,75.9934
17.832925170,59.5793
17.856145125,703.68
17.879365079,881.425
17.902585034,628.4
17.925804989,351.736
17.949024943,147.545
17.972244898,110.371
17.995464853,147.065
18.018684807,102.462
18.041904762,143.384
18.065124717,126.063
18.088344671,158.41
18.111564626,171.481
18.134784580,131.235
18.158004535,115.763
18.181224490,95.3357
18.204444444,99.7715
18.227664399,148.016
18.250884354,118.24
18.274104308,109.702
18.297324263,103.768
18.320544218,101.49
18.343764172,169.253
18.366984127,234.78
18.390204082,265.118
18.413424036,184.65
18.436643991,148.13
18.459863946,146.924
18.483083900,162.651
18.506303855,143.86
18.529523810,131.773
18.552743764,127.705
18.575963719,104.486
18.599183673,514.007
18.622403628,426.827
18.645623583,405.931
18.668843537,327.361
18.692063492,163.21
18.715283447,103.357
18.738503401,245.199
18.761723356,238.72
18.784943311,143.817
18.808163265,208.609
18.831383220,265.58
18.854603175,564.061
18.877823129,782.742
18.901043084,335.728
18.924263039,252.311
18.947482993,166.152
18.970702948,182.408
18.993922902,186.404
19.017142857,260.041
19.040362812,202.793
19.063582766,226.641
19.086802721,290.71
19.110022676,225.915
19.133242630,173.842
19.156462585,162.925
19.179682540,100.056
19.202902494,115.343
19.226122449,167.733
19.249342404,133.355
19.272562358,120.676
19.295782313,109.566
19.319002268,174.255
19.342222222,167.857
19.365442177,247.589
19.388662132,197.553
19.411882086,111.504
19.435102041,100.578
19.458321995,109.383
19.481541950,258.829
19.504761905,248.251
19.527981859,108.93
19.551201814,94.598
19.574421769,154.531
19.597641723,177.583
19.620861678,162.449
19.644081633,248.466
19.667301587,218.693
19.690521542,117.844
19.713741497,117.698
19.736961451,126.93
19.760181406,136.493
19.783401361,96.1397
19.806621315,114.486
19.829841270,874.267
19.853061224,653.702
19.876281179,555.015
19.899501134,308.32
19.922721088,129.777
19.945941043,148.997
19.969160998,136.635
19.992380952,129.607
20.015600907,106.027
20.038820862,106.461
20.062040816,105.023
20.085260771,168.692
20.108480726,183.293
20.131700680,112.422
20.154920635,109.175
20.178140590,152.436
20.201360544,146.079
20.224580499,204.131
20.247800454,171.428
20.271020408,145.262
20.294240363,273.201
20.317460317,255.68
20.340680272,169.88
20.363900227,164.197
20.387120181,153.151
20.410340136,120.358
20.433560091,161.157
20.456780045,172.216
20.480000000,273.238
20.503219955,266.034
20.526439909,326.359
20.549659864,658.818
20.572879819,542.739
20.596099773,296.395
20.619319728,232.133
20.642539683,239.647
20.665759637,202.424
20.688979592,227.442
20.712199546,208.058
20.735419501,250.463
20.758639456,246.15
20.781859410,213.734
20.805079365,204.188
20.828299320,592.242
20.851519274,749.923
20.874739229,395.829
20.897959184,245.414
20.921179138,168.648
20.944399093,227.842
20.967619048,138.665
20.990839002,234.899
21.014058957,222.853
21.037278912,225.35
21.060498866,321.396
21.083718821,198.055
21.106938776,263.583
21.130158730,250.073
21.153378685,153.115
21.176598639,106.029
21.199818594,295.037
21.223038549,287.207
21.246258503,163.092
21.269478458,188.133
21.292698413,176.297
21.315918367,293.54
21.339138322,226.626
21.362358277,224.719
21.385578231,140.795
21.408798186,107.728
21.432018141,101.114
21.455238095,95.1576
21.478458050,173.699
21.501678005,176.591
21.524897959,107.713
21.548117914,117.437
21.571337868,439.043
21.594557823,379.41
21.617777778,196.992
21.640997732,153.931
21.664217687,136.862
21.687437642,133.93
21.710657596,139.132
21.733877551,152.161
21.757097506,120.089
21.780317460,168.564
21.803537415,827.059
21.826757370,808.841
21.849977324,474.623
21.873197279,324.45
21.896417234,116.803
21.919637188,139.768
21.942857143,208.741
21.966077098,222.616
21.989297052,154.068
22.012517007,162.6
22.035736961,126.234
22.058956916,129.786
22.082176871,124.39
22.105396825,203.538
22.128616780,192.457
22.151836735,119.019
22.175056689,91.0382
22.198276644,111.279
22.221496599,176.225
22.244716553,149.4
22.267936508,97.7211
22.291156463,140.483
22.314376417,204.733
22.337596372,245.651
22.360816327,155.918
22.384036281,124.248
22.407256236,120.769
22.430476190,121.386
22.453696145,102.017
22.476916100,133.916
22.500136054,347.554
22.523356009,573.891
22.546575964,421.422
22.569795918,212.417
22.593015873,153.986
22.616235828,211.608
22.639455782,216.45
22.662675737,200.248
22.685895692,162.348
22.709115646,196.539
22.732335601,157.719
22.755555556,204.286
22.778775510,445.913
22.801995465,649.43
22.825215420,584.79
22.848435374,254.713
22.871655329,293.04
22.894875283,168.329
22.918095238,177.62
22.941315193,169.593
22.964535147,196.785
22.987755102,335.883
23.010975057,232.796
23.034195011,197.233
23.057414966,144.987
23.080634921,183.396
23.103854875,152.699
23.127074830,148.796
23.150294785,115.329
23.173514739,128.861
23.196734694,201.018
23.219954649,162.095
23.243174603,85.9918
23.266394558,93.5476
23.289614512,94.1847
23.312834467,185.564
23.336054422,179.768
23.359274376,113.087
23.382494331,83.5716
23.405714286,117.969
23.428934240,123.553
23.452154195,123.215
23.475374150,105.573
23.498594104,71.8618
23.521814059,93.1204
23.545034014,140.728
23.568253968,134.169
23.591473923,144.37
23.614693878,116.746
23.637913832,80.585
23.661133787,74.9866
23.684353741,110.157
23.707573696,104.104
23.730793651,85.0288
23.754013605,120.8
23.777233560,302.574
23.800453515,901.112
23.823673469,795.348
23.846893424,492.756
23.870113379,309.378
23.893333333,184.787
23.916553288,147.272
23.939773243,134.028
23.962993197,145.963
23.986213152,85.7004
24.009433107,99.3021
24.032653061,87.7209
24.055873016,146.346
24.079092971,124.666
24.102312925,134.44
24.125532880,109.458
24.148752834,100.204
24.171972789,84.0297
24.195192744,119.84
24.218412698,218.177
24.241632653,156.186
24.264852608,117.139
24.288072562,123.475
24.311292517,266.622
24.334512472,249.669
24.357732426,112.764
24.380952381,77.7575
24.404172336,120.246
24.427392290,146.985
24.450612245,389.115
24.473832200,414.803
24.497052154,124.32
24.520272109,125.306
24.543492063,142.058
24.566712018,241.94
24.589931973,298.825
24.613151927,228.547
24.636371882,253.245
24.659591837,239.347
24.682811791,244.725
24.706031746,196.966
24.729251701,102.965
24.752471655,84.5929
24.775691610,127.535
24.798911565,359.202
24.822131519,577.868
24.845351474,766.225
24.868571429,442.296
24.891791383,414.31
24.915011338,449.989
24.938231293,312.857
24.961451247,401.227
24.984671202,477.714
25.007891156,217.031
25.031111111,176.15
25.054331066,245.891
25.077551020,171.119
25.100770975,533.471
25.123990930,630.185
25.147210884,308.979
25.170430839,261.399
25.193650794,284.911
25.216870748,217.662
25.240090703,242.385
25.263310658,434.131
25.286530612,529.526
25.309750567,280.674
25.332970522,336.358
25.356190476,232.453
25.379410431,202.22
25.402630385,168.771
25.425850340,287.279
25.449070295,169.228
25.472290249,207.498
25.495510204,159.109
25.518730159,155.412
25.541950113,216.183
25.565170068,190.27
25.588390023,439.823
25.611609977,452.337
25.634829932,288.438
25.658049887,181.885
25.681269841,169.867
25.704489796,196.094
25.727709751,230.357
25.750929705,238.469
25.774149660,276.853
25.797369615,876.822
25.820589569,776.818
25.843809524,491.936
25.867029478,346.508
25.890249433,156.694
25.913469388,171.912
25.936689342,198.235
25.959909297,162.972
25.983129252,114.466
26.006349206,130.063
26.029569161,271.048
26.052789116,239.562
26.076009070,313.674
26.099229025,366.55
26.122448980,279.471
26.145668934,225.378
26.168888889,201.083
26.192108844,234.231
26.215328798,231.495
26.238548753,334.915
26.261768707,255.615
26.284988662,283.565
26.308208617,266.1
26.331428571,276.738
26.354648526,399.779
26.377868481,205.181
26.401088435,180.107
26.424308390,165.922
26.447528345,194.085
26.470748299,250.227
26.493968254,149.514
26.517188209,221.206
26.540408163,443.589
26.563628118,398.611
26.586848073,436.086
26.610068027,520.807
26.633287982,272.433
26.656507937,261.061
26.679727891,270.847
26.702947846,361.784
26.726167800,248.553
26.749387755,178.781
26.772607710,281.593
26.795827664,650.588
26.819047619,492.932
26.842267574,388.968
26.865487528,259.04
26.888707483,256.955
26.911927438,208.206
26.935147392,212.994
26.958367347,253.724
26.981587302,252.461
27.004807256,195.159
27.028027211,176.793
27.051247166,127.987
27.074467120,179.39
27.097687075,171.191
27.120907029,103.432
27.144126984,195.493
27.167346939,297.222
27.190566893,275.592
27.213786848,262.018
27.237006803,247.033
27.260226757,215.176
27.283446712,230.398
27.306666667,144.368
27.329886621,409.885
27.353106576,327.545
27.376326531,183.266
27.399546485,447.599
27.422766440,539.55
27.445986395,482.191
27.469206349,188.559
27.492426304,310.65
27.515646259,288.816
27.538866213,134.838
27.562086168,143.273
27.585306122,139.961
27.608526077,79.5717
27.631746032,344.038
27.654965986,362.204
27.678185941,334.864
27.701405896,219.007
27.724625850,159.489
27.747845805,227.537
27.771065760,721.416
27.794285714,543.843
27.817505669,445.039
27.840725624,260.499
27.863945578,165.354
27.887165533,203.565
27.910385488,275.056
27.933605442,157.97
27.956825397,145.322
27.980045351,76.4288
28.003265306,86.1642
28.026485261,117.866
28.049705215,125.103
28.072925170,112.691
28.096145125,87.0927
28.119365079,113.446
28.142585034,107.057
28.165804989,137.32
28.189024943,168.574
28.212244898,120.478
28.235464853,146.355
28.258684807,124.151
28.281904762,96.5426
28.305124717,105.182
28.328344671,128.998
28.351564626,187.075
28.374784580,279.615
28.398004535,255.19
28.421224490,186.203
28.444444444,192.193
28.467664399,508.854
28.490884354,718.136
28.514104308,485.481
28.537324263,396.023
28.560544218,426.558
28.583764172,486.861
28.606984127,251.092
28.630204082,218.438
28.653424036,171.571
28.676643991,165.606
28.699863946,174.219
28.723083900,272.429
28.746303855,243.677
28.769523810,490.123
28.792743764,463.935
28.815963719,200.194
28.839183673,489.771
28.862403628,525.927
28.885623583,515.954
28.908843537,397.993
28.932063492,556.505
28.955283447,779.752
28.978503401,531.626
29.001723356,304.309
29.024943311,168.409
29.048163265,189.668
29.071383220,181.06
29.094603175,153.988
29.117823129,464.651
29.141043084,240.141
29.164263039,191.412
29.187482993,241.479
29.210702948,194.914
29.233922902,138.464
29.257142857,207.599
29.280362812,205.909
29.303582766,213.735
29.326802721,214.952
29.350022676,189.646
29.373242630,175.588
29.396462585,232.036
29.419682540,154.508
29.442902494,113.628
29.466122449,91.9841
29.489342404,78.6248
29.512562358,88.9116
29.535782313,87.143
29.559002268,97.9787
29.582222222,114.764
29.605442177,72.6802
29.628662132,97.0874
29.651882086,83.4214
29.675102041,74.8544
29.698321995,77.1946
29.721541950,130.474
29.744761905,686.612
29.767981859,544.311
29.791201814,459.517
29.814421769,480.791
29.837641723,347.321
29.860861678,240.224
29.884081633,273.017
29.907301587,308.805
29.930521542,217.927
29.953741497,83.4847
29.976961451,129.248
30.000181406,272.03
30.023401361,248.605
30.046621315,288.1
30.069841270,455.522
30.093061224,309.87
30.116281179,203.874
30.139501134,242.61
30.162721088,160.125
30.185941043,292.525
30.209160998,205.958
30.232380952,240.442
30.255600907,143.263
30.278820862,105.713
30.302040816,502.085
30.325260771,470.285
30.348480726,589.099
30.371700680,270.303
30.394920635,498.016
30.418140590,662.573
30.441360544,810.169
30.464580499,669.7
30.487800454,538.991
30.511020408,419.926
30.534240363,228.945
30.557460317,184.36
30.580680272,240.081
30.603900227,301.914
30.627120181,427.43
30.650340136,423.923
30.673560091,363.108
30.696780045,306.654
30.720000000,503.668
30.743219955,623.895
30.766439909,444.26
30.789659864,181.319
30.812879819,274.275
30.836099773,439.391
30.859319728,319.923
30.882539683,267.228
30.905759637,165.058
30.928979592,212.546
30.952199546,193.977
30.975419501,186.829
30.998639456,128.589
31.021859410,145.255
31.045079365,132.262
31.068299320,110.989
31.091519274,91.797
31.114739229,153.543
31.137959184,131.855
31.161179138,103.551
31.184399093,78.3804
31.207619048,87.0929
31.230839002,153.229
31.254058957,136.285
31.277278912,333.164
31.300498866,278.569
31.323718821,483.86
31.346938776,339.478
31.370158730,185.876
31.393378685,136.711
31.416598639,180.584
31.439818594,364.134
31.463038549,370.927
31.486258503,299.461
31.509478458,265.529
31.532698413,308.122
31.555918367,429.732
31.579138322,408.956
31.602358277,293.838
31.625578231,159.305
31.648798186,211.241
31.672018141,325.47
31.695238095,331.642
31.718458050,192.73
31.741678005,644.945
31.764897959,558.074
31.788117914,647.124
31.811337868,610.547
31.834557823,415.666
31.857777778,381.183
31.880997732,631.954
31.904217687,427.726
31.927437642,232.64
31.950657596,210.335
31.973877551,291.304
31.997097506,276.152
32.020317460,236.101
32.043537415,200.477
32.066757370,105.035
32.089977324,97.0286