2.73024,0.174252,0.0272407,0.0390596,0.523408,0.120743,0.0513954,2.0443,0.262285,1.76064,0.11884,0.0194409
2.89714,0.126401,0.0420602,0.0262166,0.545616,0.109932,0.0443216,1.84169,0.207563,1.98029,0.103534,0.0762153
2.69566,0.240528,0.9128,0.101708,0.430577,0.0788521,0.0286647,1.48818,0.22621,1.74965,0.112483,0.0482482
1.65858,0.377522,2.21722,0.0386473,0.385959,0.0544202,0.128954,1.14898,0.0902421,2.14985,0.120852,0.0754812
0.549903,0.281131,3.10657,0.0384338,0.330571,0.0792122,0.261038,0.428107,0,2.31438,0.142127,0.0415868
0.313168,0.235164,3.31296,0.031644,0.262363,0.131753,0.256911,0.0416907,0,2.26584,0.125528,0.0235997
0.351494,0.327345,3.16839,0.020442,0.227438,0.131843,0.17876,0.0601592,0.16479,1.94954,0.123453,7.03089e-06
0.53503,0.234782,2.69646,0.122171,0.101522,0.134491,0.138808,0.178256,0.33379,1.25304,0.00168273,0.0610627
1.30418,0.488705,1.64033,0.17737,0.205059,0.113785,0.132585,0.119255,0.222522,0.65347,0.000833166,0.140863
1.60458,0.434889,0.119916,0.467733,0.0677308,0.0636543,0.130636,0.245545,0.182835,0.651828,0.141081,0.351813
1.13237,0.583734,0.00289775,0.68363,0.0554725,0.0425637,0.0586504,0.559432,0.421914,0.710948,0.319415,1.23372
0.764484,0.604793,0.157979,0.825171,0.123317,0.482707,0.543441,0.575842,0.559267,0.976156,0.388173,1.22082
0.416659,0.508339,1.92336,0.651494,0.18084,0.557806,0.500241,0.587851,0.601974,1.26831,0.156077,1.21343
0.0676306,0.101936,2.93903,0.298811,0.192671,0.445293,0.575281,0.697818,0.518952,1.72017,0.147338,0.808123
0.0044172,0.0599389,3.24919,0,0.154913,0.0407785,0.485712,1.1356,0.47219,1.68902,0.496338,0.185936
0.0416289,0.13578,3.10293,0,0.093603,0.0579435,0.229913,1.18412,0.204573,1.66552,0.145014,0.0648745
0.0248893,0,2.94442,0.00590336,0.108731,0.0530483,0.213918,0.909768,0.117778,1.81184,0.125423,0.0496153
0.0909377,0.283114,2.83013,0.00121425,0.122402,0.0468831,0.179439,0.76571,0.00592046,2.07601,0.170024,0.0246046
0.0813145,0.100665,2.98825,0.138636,0.121956,0.0359529,0.289704,0.627652,0.0693202,2.35856,0.180999,0.285731
0.423614,0,3.31206,0.178238,0.246112,0.0316619,0.516776,0.452411,0.0431442,1.71734,0.127436,0.372207
0.503154,0,3.37814,0.128862,0.189321,0.0336932,0.469667,0.44148,0.0440521,1.92921,0.0920406,0.318561
0.66134,0,3.27138,0.1279,0.0896389,0.0381773,0.448033,0.393572,0,2.27598,0.20195,0.209205
0.7874,0.00191316,2.74628,1.04313,0.0809961,0.000691927,0.376126,0.45733,0,2.25956,0.156111,0
0.949005,0.12316,1.75666,1.98775,0.0113281,0,0.236795,0.491177,0,2.09795,0.388451,0.214504
1.40251,0.186237,1.03612,2.45922,0.0181341,0,0.335673,0.531652,0.086593,1.65364,0.469864,0.345544
1.35634,0.197191,0.536518,2.14693,0.316243,0.000505322,0.648585,1.17553,0.345887,1.47804,0.199714,0.42382
1.08077,0.591221,0.568213,0.0383542,0.773022,0.00557198,1.08872,1.60919,0.351528,0.60091,1.30539,0.944365
0.159834,1.57688,0.29928,0,1.1209,0.0332587,1.06801,1.30371,0.563046,0.222414,1.19442,0.522455
0.345807,1.70733,0.0519065,0,1.07586,0.0625595,0.843754,1.52715,0.266263,0.110803,0.683843,0.365758
0.62896,1.69341,0.0206435,0,0.925908,0.0180454,0.702206,1.7516,0.0422664,0.0660779,0.425779,0.25637
1.16598,1.48345,0.24275,0.0182738,0.657806,0.0685855,0.521035,1.48347,0.0135693,0.112832,0.359306,0.245354
2.12766,0.861829,0.631674,0.159522,0.416861,0.402577,0.279245,0.738819,0.0243686,0.25347,0.147766,0.790964
1.27927,0.307135,1.48664,0.265794,0.0220916,0.448298,0.27621,0.413675,0.131633,0.0486576,0.245273,1.5468
0.4968,0.493793,2.37236,0.215323,0.138745,0.35658,0.2334,0.0194356,0.166126,0,0.351561,1.15943
0.338995,0.186721,2.53025,0.442044,0.0971096,0.404311,0.121269,0.0177583,0.097703,0.496031,0.0104816,1.23451
0.264812,0.109954,2.14327,0.385497,0.457289,0.14567,0.127346,0.113095,0.124848,0.602975,0.166689,1.54825
0.900412,0.0648881,1.28907,0.296028,0.905562,0.0324856,0.490536,0.105504,0.10526,0.987629,0.224235,1.9885
2.07326,0,0.0483375,0.167752,1.5759,0.0196335,0.830955,0.172039,0.0434968,0.50237,0.0532065,2.03026
1.90169,0,0.441065,0.00789805,1.64377,0.584312,0.427091,0.00908032,0.86764,0.491144,0.0161441,1.35965
1.97135,0.0456983,0.573828,0.0618925,1.28083,1.02668,0.536687,0.0122101,0.921746,0.535459,0.0277373,0.865239
1.71017,0.161368,0.480365,0,1.0131,1.31801,0.865357,0.0213741,0.931365,0.610116,0.00259921,0.569747
1.3908,0.22127,0.392042,0.00555629,0.987743,0.979329,0.855739,0.0370287,0.94671,0.254547,0.514363,1.02645
1.32782,0.313213,0.333715,0.0650977,1.20721,0.656514,0.678348,0.191486,0.688895,0.315929,0.718706,0.925399
1.3895,1.08185,0.172711,0.282022,1.19418,0.486362,0.603558,0.318852,0.454758,0.398829,0.57587,0.801004
1.38789,1.18529,0.219112,0.201148,0.905253,0.377049,0.587028,0.259622,0.757813,0.287181,0.311684,0.815126
1.49583,1.11128,0.60277,0.0716629,0.569013,0.261583,0.350987,0.216449,1.32663,0.218851,0.396232,0.709099
0.998147,0.968198,2.64059,0.0119839,0.136092,0.0530226,0.484462,0.168093,1.83527,0.280128,0.416401,3.29262e-06
0.0793181,0.532072,2.94412,0.0282083,0.0372094,0.0406126,0.779913,0.363907,1.82086,0.696659,0.445301,5.02614e-05
0.0208628,0.4464,2.79429,0.0585543,0.0288757,0.0547564,0.784974,0.35061,1.1624,0.842362,0.306269,0.239958
0.265204,0.905863,2.27085,0.00945526,0.366403,0.15613,1.03951,0.0885074,0.423052,0.760751,0.464141,0.419381
0.476175,1.35475,0.721598,0.0219199,0.469475,0.0295836,1.14446,0.219012,0.18448,1.44746,0.559215,0.342296
0.273054,1.18533,1.84539,0.0223608,0.229981,0.0058374,0.548783,0.152928,0.0435422,2.20353,0.0889013,0.133307
0.386792,1.00518,2.40217,0.0159021,0.080783,0,0.260524,0.19988,0.0610146,2.47134,0.0944954,0.103184
0.347851,0.641954,2.80302,0.00791669,0.279939,0.0141828,0.353277,0.14428,0.322574,2.35341,0.0773881,0.114346
0.276826,0.429894,2.96801,0.00957395,0.098751,0.00832218,0.389397,0.048111,0.485228,2.27523,0.229407,0.11745
0.417963,0.243964,2.83295,0.0894257,0.246461,0,0.497334,0.0589675,0.275306,2.50097,0.424813,0.29836
0.162232,0.365031,2.54761,0.602254,0.731325,0.0669119,0.410424,0.0464711,0.00695073,2.52767,0.587724,0.354513
0.121764,0.504896,1.78685,0.548787,0.804534,0.216095,0.311101,0.193881,0.283544,1.91591,0.592353,0.455881
0.809538,0.723335,0.349785,1.07859,0.562741,0.316245,0.169095,0.474903,0.213745,0.885908,0.522457,0.591645
1.53502,0.311847,0.0781255,1.16157,0.724384,0.442709,0.226961,1.19763,0.234976,0.5928,0.37694,0.500089
1.9347,0.12541,0.211167,0.792876,1.00014,0.512986,0.277652,1.42336,0.214623,0.4002,0.271374,0.244489
2.89422,0.0140361,0.301209,0.29138,0.907415,0.416871,0.0821692,1.16811,0.454356,0.360834,0.14746,0.257872
3.524,0.224156,0.653157,0.148447,0.705895,0.20331,0.0365574,0.959267,0.253311,0.475613,0.110955,0.246508
3.51295,0.280159,0.737095,0.208258,0.7388,0.0298344,0.278053,0.881009,0.0468152,0.44604,0.143151,0.440469
2.56006,0.518154,0.810289,0.211667,0.666743,0.0397804,0.460256,0.699457,0.0141864,0.433103,0.0628863,1.6179
2.13176,0.496229,0.274838,0.294659,0.597125,0.0352403,0.650416,0.161717,0.0696339,0.395797,0,2.14106
1.62122,0.67377,0.123179,0.334872,0.536365,0.057231,0.627781,0.0213532,0.064344,0.577255,0.0235505,2.1783
1.66471,0.801357,0.00866705,0.263665,0.347504,0.103539,0.609897,0.00912608,0.0606816,1.66684,0.311901,1.20689
1.81336,1.11925,0.00394897,0.209454,0.32527,0.162269,0.608307,0.172632,0.185776,2.19727,0.517117,0.355545
1.28605,1.08227,0.141107,0.468217,0.283249,0.302145,0.0823596,0.292284,0.874013,2.51326,0.716028,0.149114
1.16354,0.685705,0.784715,0.473331,0.18949,0.300238,0.256457,0.267596,0.771315,2.13899,0.90336,0.171294
1.40348,0.769912,1.32458,0.495926,0.104015,0.308408,0.352669,0.104995,1.13284,0.89515,1.10883,0.536896
1.61616,0.54616,1.44669,0.750595,0.402397,0.237099,0.3735,0.0112513,1.0945,0.314531,0.797047,0.689294
2.15068,0.129582,0.298459,1.48471,0.278899,0.156861,0.486485,0.264442,0.506229,0.780964,0.416133,0.647987
2.14576,0.529502,0.0459718,0.330251,0.151122,0.230358,0.315003,0.000348814,0.373558,0.282425,0.55434,0.415437
1.71105,0.645554,0.0460964,0.0281395,0.154187,0.300947,0.198882,0.0957643,0.424386,0.103295,0.485145,0.191215
1.88462,0.564935,0.0970208,0.031271,0.274579,0.273905,0.129851,0.490341,0.318279,0.0992539,0.447294,0.0896005
2.36232,0.401143,0.118786,0.0334693,0.383153,0.151702,0.0335958,0.829865,0.175229,0.0900314,0.451052,0.0259435
3.1542,0.205118,0.142382,0.216616,0.765296,0.0783481,0.0265052,0.917293,0.0655932,0.0721525,0.409459,0.188903
3.77771,0.0485465,0.262939,0.444916,1.11184,0.118259,0.0153173,0.946569,0.0621208,0.596106,0.227246,0
3.4563,0.102967,0.197012,0.35669,1.18357,0.153381,0.0620122,0.833992,0.115379,1.2513,0.155263,0.0956526
2.10897,0.624972,0.01653,0.329191,1.31976,0.0848991,0.116238,0.142149,0.280612,1.95214,0.448689,0.244647
2.07443,0.712736,0.0127566,0.441224,1.59553,0.0995678,0.145655,0.00725406,0.229876,1.5484,0.405641,0.293814
2.94313,0.0634848,0.111678,0.311614,0.969943,0.0870244,0.264097,0.404245,0.168319,0.278344,0.402952,0.223461
3.03325,0,0,0.131368,0.124412,0.101272,0.442763,0.479306,0.215077,0.225035,0.318614,0.393007
2.84701,0.00259494,0.0226912,0.161229,0.110134,0.106328,0.515122,0.434733,0.260381,0.317775,0.249716,0.479798
2.55579,0.00612928,0.0832645,0.18473,0.233989,0.116571,0.609788,0.695789,0.161192,0.345855,0.292328,0.406338
2.35963,0.00548512,0.205996,0.15332,0.198726,0.139062,0.597919,0.749305,0.0447049,0.157306,0.620791,0.352859
2.22937,0,0.459094,0.0751336,0.267172,0.453196,0.609638,0.839062,0.532159,0.686269,0.149313,0.127029
1.05141,0.620871,0.157577,0.00522144,0.614281,0.843672,0.410523,0.979907,0.412779,1.90281,0.207922,0.851099
1.45154,0.977042,0.109485,0,1.3406,0.374985,0.330765,1.12638,0.378299,1.21237,0.655662,0.426481
2.48483,1.03848,0.0674887,0,2.12854,0.158942,0.275512,0.984439,0.317235,0.551428,0.915021,0.000153483
3.02478,1.02494,0.00572614,0,2.06244,0.153031,0.104919,1.13694,0.119906,0.276766,0.957376,0
3.18919,0.841852,0,0.124781,1.76142,0.153693,0.274225,0.921964,0.0807257,0.490269,0.870147,0
2.41862,0.466126,0.0584494,0.368332,1.74908,0.302654,0.568298,0.646921,0.090578,0.5422,1.0133,0
1.22622,0.407139,0.499799,0.49922,1.85,0.29079,0.960561,0.399956,0.496666,0.377825,0.57401,0.385739
0.629307,0.819019,0.310934,0.614783,1.86743,0.182542,1.62567,0.03016,0.204041,0.424187,0.714682,0.479032
0.689691,0.992968,0.203177,0.665885,2.05384,0.13984,1.51783,0.057889,0.105315,0.644347,0.948385,0.471308
0.425188,1.30418,0.336059,0.354892,1.86535,0.126127,0.565108,0.0422,0.150245,1.62658,0.400186,0.577155
0.319547,1.53129,0.289232,0.0475267,1.46703,0.171741,0.571464,0.0438192,0.293736,2.04147,0.328095,0.403305
0.615848,1.72855,0.102001,0.267615,1.49492,0.148638,0.497493,0.196865,0.355659,1.81736,0.191614,0.0674598
0.978004,1.56594,0.15212,0.439798,1.44419,0.136622,0.424247,0.184201,0.623664,1.15852,0.148989,0.0320358
1.01174,1.28852,0.206708,0.399898,1.52176,0.108206,0.44283,0.111526,1.19309,0.672627,0,0.150565
0.708622,1.39052,0.262464,0.368548,1.54373,0.0890957,0.464102,0.0797956,1.45159,0.7214,0,0.152024
0.605656,1.61845,0.193677,0.25008,1.47061,0.0834266,0.748639,0.0498388,0.93473,1.0673,0.0377046,0.168682
0.617655,1.57728,0.163606,0.210087,1.82801,0.0738769,0.823003,0.0745193,0.612798,1.46806,0.288951,0.155502
0.597779,1.12943,0.180334,0.39947,2.0444,0.0804358,0.911392,0.0783825,0.191062,1.29776,0.473924,1.11183
0.21837,0.846323,0.294622,0.605548,1.69161,0.126994,1.17692,0.04685,0.182491,1.00659,0.552758,1.45146
0.683843,0.648382,0.0523696,0.641056,1.65684,0.15657,0.948751,0.302251,0.00792215,0.896446,0.328418,1.4378
1.2663,0.472416,0.000976404,0.596495,1.78892,0.148584,0.589037,0.636451,0.0160094,0.454256,0.153783,0.864773
1.76965,0.429766,0,0.479732,1.66532,0.123078,0.473873,0.539444,0.0821687,0.60549,0.0574019,0.247216
2.00153,0.633491,0.0602703,0.264226,1.28096,0.173314,0.656866,0.532079,0.236265,0.909063,0,0.192313
1.86,0.692554,0.131568,0.0317968,0.931846,0.129326,0.807899,0.340916,0.242888,1.00845,0,0.546194
1.34637,0.39959,0.370096,0.128391,1.36088,0.356323,1.09162,0.0432245,0.14832,1.27279,0.0379533,0.865557
0.95466,0.675038,0.893378,0.33249,2.51746,1.12006,0.361539,0.0643885,0.0995416,2.40802,0,0.318401
0.728352,0.902927,0.721789,0.433729,2.62145,0.70357,0.343654,0.0933087,0.0591048,2.74999,0.131746,0.204069
0.780764,0.89325,0.273294,0.491833,2.53818,0.188414,0.262906,0.50215,0,2.54411,0.545281,0.0585629
0.802913,0.819459,0.279327,0.593213,2.3044,0.125342,0.226393,0.632771,0,2.33231,0.685917,0.0670001
0.932254,0.722082,0.343536,0.501768,2.12537,0.0677143,0.203464,0.632272,0,2.18611,0.81496,0.0731183
0.967013,0.257995,0.388072,0,1.74532,0.117867,0.198694,0.824507,0,2.33893,0.794079,0.0763918
0.943213,0.10675,0.606748,0,0.967814,0.28513,0.273325,0.745712,0.255364,2.09463,0.381763,0.471557
0.336554,0.20813,1.51416,0.0700717,0.687763,0.511262,0.418823,1.58087,0.341729,0.520921,1.01567,0.930375
0.0428042,0.322072,1.39276,0.0742845,0.558268,0.825384,0.272213,1.75969,0.535795,0.478632,0.989704,1.1326
0.474585,0.542314,0.758689,0.0623703,0.351566,0.988347,0.173,1.84167,0.700321,0.529656,1.04653,0.649625
1.14082,0.622084,0.583147,0.0396641,0.155077,1.18983,0.108289,1.77163,0.451105,0.71065,0.865614,0.228437
1.2343,0.642518,0.489667,0.120343,0.171048,1.27453,0.100948,1.66123,0.130871,1.35188,0.54023,0.319916
1.50001,0.513463,0.43483,0.186481,0.651653,1.04919,0.0619104,1.58702,0.2276,1.59224,0.398414,0.374969
2.17872,0.208444,0.392013,0.140411,0.913003,0.584494,0.356195,1.52694,0.738778,1.8499,0.0924971,0.25821
2.59912,0.0721352,0.577598,0.135053,1.04151,0.193565,0.470203,1.68839,0.926576,1.40481,0.22067,0.126985
2.61757,0,0.0803816,0.0861206,0.69223,0.232116,0.269102,1.82913,0.647297,1.51044,0.743518,0.0977097
2.62946,0,0.0475877,0.202404,0.292356,0.699386,0.0591589,1.96338,0.0504964,1.36782,0.867054,0.0582953
2.33296,0.258676,0,0.532398,0.421343,0.83377,0.147304,1.79512,0.00381612,1.14521,0.547432,0
2.82785,0.379469,0,1.00949,0.312923,0.58023,0.258102,1.31192,0.149515,1.40504,0.311008,0.0354238
2.67346,0.386801,0.00345739,1.20093,0.24118,0.088382,0.141329,1.1296,0.226187,1.54166,0.544653,0.0635488
2.70258,0.323236,0.00865333,1.03674,0.460486,0.0449176,0.0909046,0.348092,0.260439,1.59208,0.587976,0.53203
2.04516,0.224924,0.138333,0.200123,0.578169,0.489801,0.343002,0.0689367,0.871085,1.49316,0.304753,0.799763
1.15598,0.979984,0.0580372,0.123427,0.490174,1.04636,0.486335,0.196232,0.340053,0.598794,0.571015,0.810045
0.96901,1.25896,0,0.225074,0.465747,1.1081,0.190979,0.64553,0.206193,0.502379,0.282727,1.20749
0.798921,1.30199,0.000147457,0.411562,0.368992,0.781398,0.213781,0.813403,0.140151,0.798465,0.418211,1.14509
0.660504,1.18549,0.00492436,0.602633,0.262665,0.63266,0.181477,0.802432,0.133094,0.953866,0.471144,0.992538
0.84858,0.636519,0.222631,0.578188,0.387946,0.623515,0.20394,0.552548,0.344487,0.824133,0.650834,0.457833
0.865224,0.216342,0.72303,0.362466,0.253788,0.365211,0.281208,0.935559,0.830146,0.692204,1.33301,0.0571134
0.848046,0.0166529,1.08129,0.107945,0.106665,0.558353,0.54731,0.388779,1.39985,0.454857,1.29365,0.094473
1.34813,0.315367,0.63172,0.665922,0.066217,0.23127,0.809272,0.522765,1.33659,0.584246,0.160984,0.490961
0.955161,0.212679,0.0682342,0.858001,0.0375978,0.215079,0.508678,0.367634,2.09715,0.629279,0.194121,0.779442
0.434438,0.141649,0.00667724,1.3483,0.0951667,0.118573,0.966466,0.72201,1.6332,0.278492,0.504486,1.29983
0.113319,0.35291,0.0580793,0.679454,0.0775072,0.413629,0.833862,0.637417,1.26447,1.11774,0.298285,2.1866
0.173817,0.577784,0.121226,0.658184,0.385646,0.509167,0.699023,0.317625,0.319881,1.25488,0.0964032,2.19532
0.464974,0.41337,0.137555,0.716195,0.794766,0.408858,0.568909,0.201694,0.0163425,1.20056,0.00946007,1.90226
0.867388,0.0637563,0.0641923,0.589193,0.771815,0.245187,0.39515,0.197029,0.0628386,1.14441,0,1.83689
1.65748,0.0745772,0.140723,0.395489,0.830433,0.0896774,0.157221,0.374228,0.591884,1.18387,0.0830481,1.61167
2.7689,0.0152399,0.620735,0.10828,0.587689,0.0516045,0.401279,0.61787,0.860007,1.4098,0.149222,0.740437
2.60753,0.0109457,0.56493,0.458322,0.237524,0.331497,0.0519037,0.692573,0.933095,0.85319,0.212791,0.264578
0.952443,0.0305454,0.520633,0.590586,0.257542,0.782817,0.192248,0.756969,0.603228,0.799999,1.2881,0.237424
0.1705,0,0.457577,0.745244,0.533841,0.772418,1.03113,0.588519,0.361763,0.401991,1.73164,0.839936
0.152041,0,0.433171,0.744924,0.42473,0.645381,0.954305,0.998931,0.0796536,0.379859,1.59127,1.20121
0.158562,0.00894195,0.569579,0.607715,0.0758262,0.53682,0.46954,1.07104,0,0.634671,1.38018,1.48569
0.397061,0.207204,0.845751,0.546016,0.038985,0.284322,0.0565163,1.04573,0.000103226,0.269188,0.765901,1.60338
1.17078,0.241844,0.526193,0.523288,0.0478077,0.0876035,0.244139,0.984499,0.17596,0.530826,0.356898,0.925955
1.95485,0.676886,0.489799,0.411976,0.118867,0.10656,0.0904822,0.932389,0.000124467,0.750256,0.192471,0.031954
2.13112,0.728359,0.204384,0.17832,0.508849,0.0956236,0.274326,1.33268,0.0524629,1.03788,0.210657,0
2.35636,0.68972,0,0,0.750329,0.100071,0.568129,2.1005,0.608013,1.00946,0.19199,0
1.33127,0.163123,0,0.0804772,0.903555,0.261878,0.103079,1.94198,1.24,0.918631,0.379022,0.119236
0.843969,0.0825472,0.000101005,0.360524,0.580683,0.0708436,0.485799,1.24138,1.1774,1.26176,0.0369139,0.456385
1.007,0.0862889,0.00159571,0.693398,1.25874,0.03175,0.605478,0.204863,1.28149,1.32453,0.0297079,0.353439
1.45771,0.0285238,0.11756,0.69576,1.47067,0.0528893,0.606931,0.0783787,1.26687,1.22017,0.0819677,0.228279
1.54852,0,0.0911948,0.350467,1.43522,0.0622644,0.574241,0.0591442,1.41399,1.04614,0.0992309,0.178742
0.537607,0.000355572,0.0782195,0.428747,1.73306,0.204689,0.760048,0.086805,0.86787,0.650812,0.510952,0.145992
0.668465,0.537667,0.0103365,0.540618,1.26599,0.448093,0.594219,0.30165,0.351549,0.487265,0.601471,0.651931
0.667307,0.428051,0.141256,0.488082,0.949056,0.577997,0.644101,0.809389,0.235269,0.509262,0.619921,0.771747
0.688502,0.345012,0.257823,0.46277,0.728312,0.702546,0.753021,0.780277,0.330296,0.619598,0.487856,0.643298
0.702747,0.254573,0.269706,0.599298,0.660924,0.873023,0.759614,0.670049,0.416175,0.611549,0.303077,0.689132
1.0342,0.109678,0.270272,0.412313,0.703521,1.18884,0.724132,0.30761,0.848387,0.546045,0.21022,0.858752
1.33392,0.0148713,0.514062,0.399391,0.279619,1.604,0.658032,0.262198,1.59953,0.686515,0.325646,0.89614
1.58785,0.0226859,0.804279,0.534829,0.24427,0.535496,0.265293,0.177446,2.29309,0.605533,0.406842,0.494768
1.22779,0.0695903,0.360659,0.971314,0.557128,0.220114,0.63192,0.0387579,2.35052,0.246418,0.26274,0.150392
1.22263,0.131011,0.788386,0.560279,0.501855,0.0859775,0.750276,0.0041565,1.6457,0.310662,0.212462,0.0801934
0.859739,0.186562,1.6921,0.491827,0.667835,0.0511348,0.445358,2.07175,0.381429,0.672669,0.141332,0.128307
0.689722,0.108064,1.95521,0.557885,0.49576,0.0253976,0.0134106,2.39059,0.267863,1.2323,0.386503,0.332516
0.894569,0.0896523,1.20082,0.776662,0.46099,0.00297568,0.0156542,2.14141,0.272432,1.27429,0.422637,0.352629
1.20246,0.00140603,0.816413,0.945155,0.389772,0.0284103,0.0223044,1.84488,0.268632,1.12392,0.19524,0.25133
1.86585,0.116316,0.391572,0.997811,0.432078,0,0.0209439,1.26397,0.111147,1.26958,0.097948,0.297161
2.02694,0.00243728,0.667055,0.712189,0.849605,0,0.178865,0.960517,0.128223,1.54202,0.125825,0.397164
2.11708,0,0.874046,0.330648,0.955465,0.00309468,0.34243,0.682781,0.0436047,1.90534,0.118817,0.480988
1.33568,0,0.873596,0.0227959,1.37792,0.0960353,0.494661,0.948966,0.211617,1.65098,0.567397,0.674993
0.509653,0.0511902,0.489412,0.0932449,0.760208,0.24388,0.704623,1.60253,0.0106183,0.77787,2.11905,0.532247
0.748304,0.0146257,0.200511,0.052706,0.460969,0.379943,0.884201,1.44441,0.0936857,1.06718,1.92702,0.455029
1.34046,0.0893674,0.155727,0,1.09303,0.349502,0.561256,1.28721,0.0859691,1.51356,1.1874,0.308092
2.18452,0.0985955,0.10979,0,1.60425,0.268146,0.36958,1.04614,0.00903125,1.92073,0.468942,0.300943
2.86109,0.238451,0.408149,0.177661,1.74156,0.325766,0.136845,0.524337,0.0145911,1.7133,0.0833896,0.259087
3.22968,0.361075,0.462586,0.269874,1.88511,0.0628481,0.0739285,0.467207,0.186364,1.07616,0.137468,0.105863
3.31304,0.426252,0.513776,0.283324,1.86522,0.0532834,0.0399094,0.496079,0.647779,0.648259,0.0941378,0.0155993
3.12616,0.0933067,0.373455,0.312213,1.84887,0.277495,0.0684599,0.502851,1.08705,0.689095,0,0
2.98747,0.00481362,0.273819,0.0426957,1.94028,0.342802,0.119622,0.604925,1.26433,0.63243,0.0259102,0
2.8932,0,0.329424,0.0148648,2.08928,0.22169,0.0967142,0.762378,1.13084,0.929463,0.0286904,0.0442049
2.49917,0,0.708136,0.189426,2.05835,0.0550985,0.0440624,0.820872,0.6828,0.884991,0.208556,0.10429
1.86573,0,0.673401,0.465987,2.13295,0.0430331,0.0258843,0.894285,0.359969,0.77207,0.329112,0.11273
1.87338,0,0.0167495,0.434086,2.55021,0.039383,0.0298013,0.88891,0.431429,0.86394,0.20852,0.0367606
2.04522,0.0845697,0.0240554,0.332783,2.82264,0.058362,0.0256442,0.995054,0.308833,1.06563,0.2315,0.00848336
1.62571,0.305398,0.00109921,0.598103,2.01014,0.324762,0.175257,0.517746,0.134623,1.15626,1.02228,0.297416
1.45999,0.262004,4.17792e-05,0.892219,0.929008,0.736704,0.314513,0.823318,0.201555,0.347928,0.365716,0.813384
1.40217,0.459523,0.0692048,0.751843,0.546143,0.822939,0.465052,0.83407,0.270296,0.353598,0.401944,0.755933
1.44871,0.604278,0.210628,0.437947,0.35989,0.836011,0.428669,0.816688,0.2817,0.337844,0.602763,0.704755
1.42481,0.601274,0.385561,0.281148,0.238954,0.823558,0.491119,0.703969,0.677045,0.357909,1.03966,0.54247
1.25272,0.584481,0.793874,0.201947,0.518136,0.939862,0.408903,0.296623,0.972941,0.474383,1.25143,0.209619
1.31676,0.30531,1.14086,0.113101,0.968964,0.747024,0.16265,0.485989,0.752565,0.767764,0.387673,0.711684
0.610885,0.486933,1.9647,0.0563887,0.630006,0.238642,0.17797,0.322704,0.65141,0.580798,0.0356937,0.714825
0.0568631,0.679379,2.02796,0.366193,0.739172,0.213489,0.0962568,0.307284,0.921451,0.697296,0,0.705836
0.171821,0.817508,1.54422,0.402979,0.593938,0.0271006,0.430394,0.278918,0.841225,0.588397,0.266738,0.634038
0.0569201,0.672626,0.666826,0.0474138,0.560295,0,2.03343,0.523839,0.511809,0.576723,1.13476,0.0322873
0.0195254,0.281166,0.397208,0.180856,0.546803,0,2.30395,0.413003,0.424188,0.833411,1.15058,0.0781452
0.319969,0.196113,0.286545,0.215944,0.536908,0,2.13218,0.163847,0.386125,1.06085,1.14034,0.382865
1.2384,0.127925,0.0356821,0.0405129,0.4881,0,2.05881,0.028364,0.377489,1.34097,1.08589,0.44098
1.79503,0.127258,0.120955,0.00226202,0.489454,0,1.6062,0.159376,0.303173,1.6042,1.22076,0.4287
2.23896,0.0154952,0.285064,0,0.731068,0,0.716328,0.619884,0.074201,1.86402,1.19303,0.310233
2.56113,0.202283,0.546644,0.0767057,0.792879,0.738742,0.383747,0.993745,0.0991831,1.77629,0.157052,0.582274
0.867255,0.177426,0.720369,0.59872,1.27218,0.358282,0.572758,0.332368,1.09986,0.799561,0.346785,0.934483
0.531104,0.207402,0.291286,0.882362,1.20186,0.254552,0.793125,0.47524,1.12854,1.34947,0.168011,0.723971
0.414858,0.689103,0.0140971,0.749433,1.14419,0.313328,0.850956,0.437158,0.827849,2.02187,0.136784,0.445963
0.41952,1.0045,0,0.632316,1.19474,0.490054,0.733196,0.293224,0.581201,2.29685,0.115136,0.308676
0.899187,0.887719,0.270236,0.535033,1.16691,0.42023,0.468887,0.0603077,0.249096,2.49107,0.0997203,0.278489
1.60221,0.693624,0.392483,0.355771,1.00862,0.100979,0.335517,0.057845,0.377734,2.04671,0.131846,0.224666
1.89611,0.597178,0.51525,0.242897,1.17376,0.230127,0.336863,0.0460956,0.757359,0.788293,0.603271,0.0260109
1.5908,0.500799,0.703876,0.3663,1.32218,0.312697,0.314553,0.137198,0.589877,0.149541,1.2753,0
0.92826,0.13098,0.338956,0.00753162,0.94551,0.558183,0.54332,0.78834,0.639169,0.753475,1.93325,0.024228
0.21024,0.00338565,0.484138,0.0219844,0.470258,0.753178,0.525841,0.890593,0.257337,0.725015,2.73062,0.0761094
0.552295,0.0653447,0.00517074,1.23103,0.788971,0.128493,0.588661,0.448706,0.804085,0.558623,1.98092,0.101328
0.68252,0.0218234,0.00283344,1.21617,1.20014,0,0.713439,0.0141462,1.94698,0.49959,1.25455,0
0.734417,0.0916513,0.00414761,0.889,1.0919,0.0181447,0.561983,0.0145534,2.37962,1.03674,0.788535,0
0.713659,0.21127,0.0474225,0.821338,1.00821,0.369662,0.454558,0.129422,1.5243,2.40969,0.146492,0.0155564
0.518474,0.20056,0.429807,0.802982,0.80169,0.560036,0.478934,0.0324752,0.349132,2.16276,1.6152,0.139612
1.03571,0.402985,0.114598,0.388104,0.577097,0.599362,0.586265,0.244574,0.25348,1.72388,1.60818,0.317289
0.839901,0.436743,0.0641734,0.72933,0.667432,0.604435,0.590656,1.26356,0.224676,0.844336,0.474825,0.513929
0.876437,0.517493,0.187063,0.462026,0.768655,0.665259,0.34126,1.39636,0.215453,0.85176,0.151835,0.625142
1.31511,0.559939,0.19328,0.120995,1.03794,0.495179,0.120062,1.11136,0.274015,0.821093,0.162066,0.497965
2.15904,0.525748,0.232339,0.00190768,0.745028,0.247783,0.0046665,0.80819,0.476322,0.471874,0.363778,0.424757
2.59701,0.354482,0.266729,0.0255411,0.564402,0.0194164,0,0.567774,0.998906,0.33962,0.383589,0.103994
1.42433,0.235995,2.34044,0.148023,0.305024,0.0498439,0.16311,0.392115,1.89999,0.765795,0.138654,0.197441
0.460494,0.315529,3.10007,0.156066,0,0.138738,0.638061,0.0167661,1.79506,0.953084,0,0.000306042
0.177584,0.753861,2.62367,0,0.161542,0.227142,0.777178,0.0056576,1.38713,1.31846,0.113348,0.0400583
0.087413,1.58183,1.49244,0,0.139156,0.340472,0.43739,0.00676917,0.585646,1.94404,0.123165,0.143259
0.286338,1.89437,0.588455,0.224565,0.0948701,0.480324,0.203169,0.0500718,0.337365,2.06549,0.0667458,0.306994
0.267514,1.6341,0.33173,0.631452,0.0100771,0.180949,0.467249,0.250426,0.595783,1.9975,0.0277518,0.384607
0.375278,0.737559,1.30818,0.74077,0.00749912,0,0.525554,0.164596,0.894826,2.13364,0.148672,0.255535
0.216172,0.399853,2.07842,0.753906,0.0580096,0,0.489019,0.0950942,0.469883,2.40211,0.441887,0.318458
0.227653,0.131449,2.57682,0.333534,0,0,0.403773,0.098919,0.337619,2.66225,0.394692,0.391976
0.357256,0,2.82748,0,0.38975,0,0.828669,0.541618,0.0792811,2.512,0.383397,0.429653
0.460972,0,2.47107,0,0.635212,0,1.53772,0.419877,0.194209,1.47668,0.252015,0.999152
0.350487,0.109238,1.75967,0.144084,0.73282,0.0706733,1.71033,0.0996679,0.378745,0.689927,0.361498,1.6138
0.463964,0.50797,0.57654,0.275429,0.543874,0.219792,1.65843,1.30613,0.404512,0.892096,0.263094,1.47072
0.764986,1.00717,0.265979,0.080469,0.787869,0.277829,1.13,1.95674,0.509062,0.876775,0.207739,0.976517
1.26969,1.13521,0.075379,0.0663479,0.91499,0.383416,0.61681,2.27976,0.269915,1.04252,0.236319,0.248999
2.05691,0.708826,0.100342,0.0777512,0.893791,0.369034,0.0493581,2.24924,0.11614,1.53973,0.196579,0.244025
2.51305,0.593975,0.389909,0.464347,1.06732,0.20831,0,2.11043,0.00605742,1.59145,0.0738542,0.233763
2.792,0.392473,0.449196,0.551025,1.08207,0.0686616,0.0169814,1.96163,0.0606591,1.71454,0.227323,0.0454866
2.94486,0.159774,0.647805,0.305144,1.20328,0.0606964,0.023557,1.76961,0.0441105,1.93676,0.0670526,0.0570971
3.28844,0.293479,0,0.21032,0.807711,0.0434951,0.00686712,1.3818,0.205175,2.37491,0.0944242,0.0433092
3.41732,0.343281,0.00597224,0.253878,0.820051,0.0109257,0.0336197,1.13764,0.298599,1.99427,0.106623,0.179644
3.39344,0.152684,0.00506813,0.230194,1.23727,0,0.059216,0.625287,0.435953,2.07939,0,0.331738
3.41319,0.00617863,0.000370757,0.210517,1.44848,0.0298619,0.0707934,0.557192,0.301727,2.18237,0,0.330247
3.481,0.00384768,0,0.13567,1.302,0.108841,0.024809,0.429605,0.321963,2.33547,0,0.116874
2.50936,0.133338,0.164097,0.0140768,1.04662,0.3352,0.00822502,0.0460601,0.401848,1.98884,0.202349,0.539295
2.10826,0.353539,0.0857232,0.00200074,0.452255,0.434553,0.0192556,0,0.998533,1.63808,0.493491,0.86453
1.68442,0.965269,0.00436208,0.0863587,0.0471674,0.591697,0.527685,0.0079726,0.758452,0.495648,0.804075,0.807119
1.63533,0.786451,0,0.323971,0.23056,0.839308,0.715395,0.0125901,0.454022,0.996975,0.689614,0.526832
1.58219,0.685373,0.0150069,0.444407,0.166248,0.935385,0.723148,0.0156653,0.434547,1.4513,0.537571,0.315832
1.76278,0.581296,0.14026,0.62851,0.133447,0.742415,0.597232,0.125038,0.495389,1.5274,0.464281,0.475608
1.81075,0.361774,0.424072,0.539798,0.249458,0.780234,0.645487,0.247114,0.226493,1.46322,0.380379,0.279864
1.5331,0.199547,0.975164,0.262851,0.203473,0.756158,0.636506,0.467633,0.214621,1.20596,0.470967,0.173229
1.478,0.0327851,0.92118,0.18561,0.201451,0.784124,0.632395,0.382969,1.28199,1.38162,0.517618,0.154517
1.42112,0.00357304,0.374467,0.755609,0.0845848,0.214195,0.332477,0.0762319,1.91202,1.33748,0.0215272,0.747734
0.792891,0.0142516,0.175639,0.835501,0,0.274373,0.172064,0.194051,2.42381,0.916398,0.0879174,1.07096
0.269658,0.00247356,0.0178379,1.29517,0.00266598,0.0837974,0.955581,0.408552,1.59502,0.425723,0.197736,1.86755
0.36075,0.00240802,0.0233644,0.427554,0.0401283,0.0985434,0.63946,0.270493,1.43579,0.585355,0.266616,2.7763
0.306037,0.00474084,0.045304,0.443676,0.0351759,0.114172,0.646592,0.165341,0.709369,0.79264,0.146052,2.83166
0.408446,0.061904,0.0435618,0.578246,0.366772,0.163112,0.347034,0.215999,0.079545,0.990175,0.00199098,2.40137
0.908393,0.127421,0.161104,0.569222,0.533235,0.122958,0.261717,0.351798,0.0140011,1.06317,0,1.93924
1.63717,0.0475083,0.113367,0.423356,0.869087,0.0747007,0.143297,0.532365,0.509522,1.32773,0.0868887,1.40696
2.81819,0.0167728,0.644461,0.129659,0.865062,0.0356876,0.0833208,0.560018,0.721412,1.11636,0.10547,0.650455
2.78587,0.0105813,0.568499,0.393762,0.653053,0.160436,0.23436,0.66971,0.927669,0.916121,0.111598,0.287544
0.996764,0.339024,0.479869,0.579866,0.733941,0.512738,0.399006,0.881361,1.00281,0.554655,0.182326,0.990588
0.146276,0.166614,0.281863,0.589888,0.643893,0.540793,1.13778,0.610979,0.265769,0.36622,0.259604,2.20091
0.0172641,0.195194,0.507548,0.559413,0.423715,0.572891,0.810765,0.883377,0.156443,0.302371,0.133538,2.20833
0.174259,0.153549,0.718982,0.450423,0.117163,0.596842,0.275514,0.9843,0.1124,0.237657,0.198733,2.18894
1.04231,0.293857,0.538253,0.50223,0.0280326,0.576073,0.0522822,0.925261,0.00223449,0.179645,0.213346,1.72089
2.39464,0.295408,0.510503,0.484111,0.0466126,0.105881,0.0427555,0.760915,0.0079557,0.381909,0.22928,0.753646
3.08469,0.331882,0.429367,0.354222,0.103918,0.114178,0.0213151,0.708891,0.00589679,0.648884,0.211563,4.91556e-05
3.14387,0.770491,0.157809,0.168679,0.889466,0.0878519,0.149432,1.3229,0.0287888,1.0792,0.216799,0
2.86562,0.640014,0.00558346,0.00285624,1.29897,0.142561,0.238815,1.84265,0.701824,1.07438,0.110179,0.0434607
1.7036,0.46574,0.00233954,0.00466095,1.41822,0.3068,0.0477612,1.51408,1.13247,1.127,0.0530347,0.36691
1.27855,0.125641,0.000594247,0.038905,1.4161,0.398233,0.314143,0.844632,0.99814,1.06768,0.0381708,0.40602
1.6582,0.00489193,0.000785261,0.300163,1.55511,0.151193,0.47774,0.05991,1.30268,1.04257,0.0418949,0.278373
1.98593,0.000378026,0.00887201,0.505582,1.63483,0.0262043,0.531534,0.0738975,1.21714,1.1475,0.104593,0.225194
2.00151,0.13192,0.017045,0.412457,1.84833,0.0198483,0.534686,0.0496772,0.932109,1.03564,0.143325,0.16306
0.513504,0.192126,0.0558698,0.28856,2.10726,0.200939,0.782602,0.337199,0.295601,1.03332,0.224129,0.282953
0.500127,0.346,0.0490793,0.313874,1.39274,0.50217,0.268118,0.963575,0.264446,0.991782,0.623749,0.911609
0.841099,0.390114,0,0.367707,1.54621,0.427758,0.293482,1.26801,0.184895,0.539017,0.599953,0.848667
0.921588,0.350737,0,0.29204,1.12391,0.55133,0.337312,1.186,0.16754,0.60975,0.604184,1.07439
1.00011,0.299325,0,0.0923994,0.811192,0.790312,0.365898,1.08817,0.215852,0.619718,0.782733,1.25573
1.29823,0.172168,0,0.109737,0.272101,1.14606,0.460271,0.791861,0.361929,0.600334,0.894992,1.12702
1.76317,0.166794,0.0943826,0.240533,0.102484,1.01182,0.780724,0.342861,1.18658,0.840397,0.784239,0.277779
1.28504,0.106589,0.266955,1.53995,0.392547,0.137743,0.478169,0.34641,1.82648,0.280055,0.297372,0.101721
1.45942,0.200832,0.518289,1.02491,0.608213,0.0881663,0.654393,0.0674474,1.61273,0.183603,0.19117,0.096012
1.13634,0.408242,0.852889,0.328142,1.04987,0.0776181,0.731913,0.489068,0.990428,0.400852,0.127996,0.017844
0.660953,1.06063,1.49949,0.36418,0.346603,0.0184442,0.35678,2.27611,0.157853,1.40859,0.196998,0.0633887
0.606555,0.598344,1.50431,0.462129,0.168478,0,0.130984,2.26348,0.174196,1.69791,0.37027,0.290621
0.770368,0.0190641,1.09194,0.679174,0.150405,0.00134994,0.0731637,2.09927,0.251788,1.62113,0.259705,0.307037
1.34227,0.0729828,0.577173,0.870648,0.169358,0.0105541,0.0432272,1.66739,0.466934,1.33608,0.110562,0.18003
1.77653,0.254738,0.159054,0.889331,0.425558,0,0.0444322,1.14672,0.243821,1.52668,0.128477,0.161557
1.94075,0,0.583437,0.580307,0.881125,0.00331665,0.296735,0.81552,0.129091,1.74794,0.149002,0.421103
1.96375,0,0.83879,0.128369,1.11842,0.00773441,0.520729,0.579409,0.185625,2.00943,0.124623,0.503678
1.19106,0.301325,0.985658,0.0938413,1.37527,0,0.665546,0.936332,0.319176,1.84224,0.334528,0.322955
0.314337,0.621536,0.462033,0.311562,0.669192,0.021086,0.813787,1.73074,0.134627,0.809129,1.22274,0.252286
1.36215,0.731376,0.133638,0.332654,0.211829,0.0980365,0.618172,1.87216,0.00130572,0.768328,1.01187,0.294426
2.56746,0.396058,0.110415,0.158766,0.655513,0.178952,0.393853,1.69879,0,0.904672,0.552036,0.300473
3.19647,0.258618,0.0819395,0,1.29778,0.198632,0.319511,1.4656,0,1.27257,0.241558,0.29294
3.38119,0.254692,0.267851,0.144496,1.64821,0.0850276,0.229563,0.718764,0,1.20784,0.123178,0.26176
3.20245,0.236527,0.488546,0.265348,1.85314,0.0757346,0.0652928,0.428304,0.278155,0.502612,0.133162,0.217918
2.9523,0.375893,0.569921,0.235776,1.97958,0.0533468,0.0621843,0.516181,1.23194,0.42097,0.0877783,0
3.06946,0.0856124,0.252243,0.205056,1.98854,0.0429238,0.121423,0.536906,1.72576,0.754115,0.0548223,0
2.85455,0.143716,0.389721,0.0277815,2.02338,0.00487146,0.0577087,0.640014,1.6204,0.640103,0.244259,0.16524
1.90506,0.767143,0.289138,0.460269,0.946574,0,0.350966,0.551838,0.603304,1.84984,0.400308,0.211465
1.12668,1.07096,0.0246818,0.740639,1.07217,0,0.409552,0.314316,0.234409,2.27072,0.540501,0.155783
1.15706,0.677815,0.00391584,0.694743,1.80015,0,0.332055,0.119295,0.197868,1.92035,0.572415,0.267708
1.49861,0.0464795,0.0056659,0.598312,2.05105,0.209673,0.235465,0.148245,0.331633,1.28234,0.267153,0.493021
1.06148,0.124505,0.0432993,0.448181,2.15281,0.465949,0.0554612,0.418797,0.202852,1.22091,0,0.715096
1.39433,0.369092,0.00207849,0.304876,1.23514,0.395028,0.323167,0.5628,0.205981,1.74409,0.147352,0.78685
0.969543,0.296405,0.00328601,0.516217,0.681041,0.977184,0.707747,0.650677,0.239471,0.894249,0.527071,0.76421
0.871923,0.28376,0.00432208,0.596066,0.45229,1.0898,0.842378,0.546805,0.218393,0.781078,0.521978,0.985706
0.993214,0.34934,0.0745677,0.47635,0.187902,1.01773,0.922745,0.488389,0.212741,0.850708,0.568707,1.06806
1.18027,0.454475,0.217629,0.313712,0.0960129,0.755797,0.972741,0.638956,0.243307,0.860508,0.568335,0.950788
1.13068,0.550122,0.651338,0.316578,0.0860533,0.447278,1.02856,0.895164,0.278194,0.719319,0.61721,0.582171
0.993785,0.236971,1.60233,0.260466,0.3814,0.0580749,0.764183,0.804708,0.342108,0.56977,0.225832,0.877761
0.0305214,0.202214,2.35001,0.0632092,0.562769,0.420465,0.0903043,1.41906,0.515921,0.828801,0,0.822334
0.0583838,0.370516,2.29579,0.273117,0.448838,0.404037,0.0241171,1.67981,0.513196,0.801005,0,0.728338
0.203504,0.608169,1.80726,0.542118,0.35409,0.07992,0.277642,1.68296,0.505476,0.583246,0.326737,0.414858
0.66218,0.632624,0.917643,0.330925,0.405465,0.0367971,2.0017,0.627714,0.41879,0.106651,1.09294,0
1.21868,0.504499,0.601506,0.367444,0.365171,0.00440708,2.1012,0.250937,0.326998,0.794538,1.08341,0
1.30312,0.477711,0.482747,0.340573,0.441124,0.0276213,1.81457,0.187078,0.242311,1.34622,1.07499,0.152308
1.49955,0.504608,0.264674,0.10666,0.436874,0,1.82897,0.0653106,0.186261,1.74638,1.16593,0.170263
2.00817,0.601557,0.228597,0.254455,0.817619,0,1.60073,0.121542,0.122109,1.82554,1.1909,0.0872718
2.74534,0.192827,0.12206,0.241294,0.542203,0,0.248994,0.709006,0.0267036,2.05714,0.949931,0.657447
2.9667,0.23724,0.0649681,0.405194,0.655108,0.372988,0.220954,1.22561,0.0896661,1.39158,0.154174,0.960085
0.858458,0.600308,0.650939,1.19513,0.741623,0.420236,0.130962,0.623292,0.244688,1.14631,0.575959,1.25328
0.210254,0.801893,0.637372,0.944599,1.0609,0.506905,0.431987,0.320436,0.555248,0.853923,0.533175,1.05452
0.322613,0.944027,0.54067,0.854403,1.61202,0.492803,0.293272,0.19308,0.772512,0.636408,0.515817,0.750166
0.568496,1.0419,0.378103,0.746735,2.05785,0.4716,0.0701619,0.15755,1.23692,0.615229,0.545567,0.387383
0.92588,0.844325,0.403721,1.05221,1.96607,0.340113,0.0720924,0.0801324,1.34569,1.33745,0.0684465,0.19872
1.3203,0.591934,0.23074,0.507038,2.18132,0.336965,0.100596,0.121699,1.4621,1.88897,0.0191905,0.0259392
0.779094,1.30493,0.305839,0,2.32929,0.574964,0.555378,0.0669871,0.642138,2.47131,0.00960656,0.0381414
0.207714,1.72515,0.222867,0.0707085,1.9459,0.363136,0.879435,0.0553157,0.253077,2.97479,0.0351923,0.0517075
0.0245958,1.48762,0.197133,0.20268,1.96857,0.0969885,0.685644,0.10393,0.120645,2.77411,0.205902,0.061853
0.0176338,1.65431,0.213503,0.170998,2.17668,0.0913673,0.512492,0.176097,0.126088,1.69275,0.794708,0.209996
0.0234734,1.9518,0.182628,0.189782,2.1698,0.0751561,0.385326,0.10601,0.136684,1.34211,1.01921,0.157043
0,2.13656,0.149641,0.332102,2.55372,0.0556912,0.171814,0.236053,0.84196,1.19207,0.876457,0
0,1.90439,0.16494,0.26548,2.90426,0.0224592,0.125365,0.170932,1.5487,1.09134,0.641479,0
0.314369,1.60892,0.16171,0.243018,2.74722,0.0203333,0.249671,0.155778,1.46084,1.78959,0.171769,0.0273459
0.380412,1.75355,0.0659478,1.00064,2.20598,0.0237486,0.625969,0.114751,1.01107,2.00496,0,0
1.03043,1.35069,0.097664,1.41094,1.49903,0.087509,1.3232,0.162556,0.298925,1.36806,0.399178,0.272374
1.17692,1.1621,0,1.02692,1.36214,0.128118,1.10048,0.728008,0.293976,0.190255,1.19113,1.27015
1.4175,1.04119,0,0.411531,1.34052,0.273987,0.563341,1.12772,0.230389,0.215001,1.10591,1.18468
2.02837,0.893335,0.030879,0.0672319,1.51225,0.440613,0.256001,1.16966,0.158988,0.303531,0.78593,0.501286
2.85378,0.822671,0.0338985,0.0589142,1.59807,0.303153,0.305998,1.04801,0.0163726,0.387329,0.619378,0
3.09521,0.689807,0.200888,0,1.47676,0.136388,0.299984,0.673022,0.30156,0.672865,0.266081,0
2.52331,0.800195,1.94027,0,0.506097,0.121915,0.387687,0.083666,1.30631,0.742767,0.00230506,0.00859842
0.84525,0.821682,3.06623,0,0.018907,0.224344,0.598265,0.0581309,1.40453,0.548092,0.000789152,0.0228571
0.362414,0.813703,2.98624,0,0.0900432,0.101663,0.634174,0.0929972,1.38633,0.627067,0,0.0398343
0.670207,0.179185,2.31103,0.00114527,1.00414,0.327203,0.592242,0.0534448,0.318991,1.68463,0.0508932,0.126766
0.480145,0.472111,1.54189,0.0479205,1.87956,0.568879,0.147198,0.0564335,0.375022,2.4138,0.163883,0.279649
0.439793,0.569637,1.47398,0.301362,2.05947,0.660379,0.128685,0.0872792,0.426409,2.36101,0.216488,0.635199
0.230094,0.738329,1.58567,0.377142,1.93605,0.380208,0.118332,0.0783663,0.312449,2.43422,0.252501,0.643384
0,0.842248,1.78481,0.313597,1.59067,0.158692,0.346294,0.0582509,0.384146,2.33312,0.310492,0.590562
0,0.942029,2.11822,0.072845,1.00315,0.0473825,0.367792,0.0361029,0.30361,2.54458,0.228423,0.202494
0.101398,0.690609,2.57456,0.00526758,0.559501,0.0453013,0.60275,0.0370614,0.111585,2.62403,0.148811,0.335895
0.27064,0.322595,2.38318,0.00912309,0.544098,0.0181742,1.2391,0.0533925,0.174978,1.59255,0.118803,0.73458
0.344157,0.453265,1.41995,0,0.558651,0.246543,1.1284,0.0332842,0.748783,0.50426,0.172296,1.45496
0.432897,0.59812,0.3941,0,0.249172,0.462961,0.778229,1.20145,0.895077,0.637968,0.223899,1.55322
1.15653,0.55706,0,0,0.0642724,0.516994,0.230524,1.4508,1.30744,0.610144,0.269411,1.41483
2.08491,0.605499,0,0,0.55364,0.511809,0.0529649,1.79382,1.22006,0.819379,0.167482,0.396788
2.47706,0.674349,0.0976607,0.15706,0.837636,0.321599,0.0166299,2.01684,0.740949,1.28768,0.0889561,0.230544
2.54998,0.638186,0.268888,0.335932,0.814904,0.182752,0.0374659,1.80633,0.349086,1.69652,0.035043,0.29151
2.4982,0.669635,0.230938,0.182804,1.02622,0.0926323,0.220068,1.55606,0.139829,2.26638,0.0426225,0.211475
2.10887,0.787836,0,0.00829808,1.02781,0.0922385,0.285591,1.15705,0.199086,3.00166,0,0.216347
1.93418,0.270585,0.083897,0.00443332,1.71328,0.131832,0.484428,0.518823,0.160025,3.29452,0.00830677,0.229448
1.69964,0.142128,0.425102,0,2.29039,0.13727,0.363329,0.325666,0.118615,3.27633,0.0670223,0.221386
1.56817,0.260577,0.514425,0.126463,2.36769,0.332925,0.22732,0.252557,0.0977966,2.99374,0.344942,0.201499
1.2371,0.367454,0.401147,0.115414,2.05165,0.812771,0.135479,0.117197,0.168135,2.37157,1.75814,0.162124
1.2902,0.395851,0.0445344,0.142128,1.86323,0.89816,0.139698,0.117421,0.147158,1.65037,2.50464,0.00750444
1.39412,0.341895,0.061725,0.132809,1.79412,1.02706,0.266532,0.0774852,0.203708,1.78392,1.13118,0.209827
1.29666,0.128742,0.669111,0.130499,0.962816,0.419556,0.59471,0,0.328915,1.74954,0.914642,0.57446
1.23392,0.261004,0.210136,0.0178582,0.107967,0.503539,0.515934,0.662758,0.311055,0.819681,0.991039,1.61724
1.54761,0.258446,0.00203438,0.327019,0.140983,0.231525,0.403815,0.909846,0.290518,0.614032,0.67301,1.52052
1.58501,0.567729,0.00103696,0.762539,0.117928,0.300764,0.245151,1.02553,0.251971,0.8313,0.496135,1.32195
1.61317,0.623073,0.00203662,0.752161,0.219034,0.468411,0.416897,0.847457,0.272834,1.06809,0.519759,1.00824
1.75382,0.479998,0.249585,0.463472,0.13848,0.75023,0.55119,0.600669,0.576805,1.30816,0.400823,0.564984
1.40194,0.30405,0.826548,0.186326,0.0830296,0.825227,0.454975,0.598708,0.765109,1.23856,0.765893,0.234079
1.22793,0.302182,1.31655,0,0.0668539,0.758775,0.516293,0.386095,0.9234,1.05977,0.855473,0.106261
1.20266,0.0118736,0.42123,0.748926,0,0.173619,0.508665,0.248494,1.38283,0.767173,0.250042,0.517442
0.899521,0.00157052,0.259658,0.816862,0.0118547,0.27111,0.528232,0.298253,2.12601,0.608726,0.338425,0.838032
0.759328,0,0.187241,1.22787,0.0600044,0.0582758,1.10678,0.346877,1.81802,0.478452,0.147541,1.58848
0.812765,0.229879,0.183136,0.472598,0.223201,0.0989043,0.704013,0.254279,1.31907,1.06998,0.011751,2.32143
0.194517,0.358601,0.282898,0.665377,0.476732,0.182193,0.583619,0.308203,0.259791,1.2125,0.0464385,2.31082
0.155713,0.247272,0.117061,0.798184,0.986623,0.137166,0.43496,0.200843,0.0132644,1.21482,0,2.0929
0.443058,0.153602,0.0753263,0.581289,1.07109,0.0926941,0.22369,0.433603,0.0133423,1.07793,0.000300836,1.92398
1.12489,0.056897,0.349955,0.36952,1.0589,0.0806886,0.00197716,0.574907,0.422008,0.95511,0.143335,1.55955
2.37245,0.0185738,0.696558,0.25133,0.729848,0.0346069,0,0.536004,0.752786,1.40459,0.131546,0.55549
2.54227,0.0127622,0.597076,0.615466,0.425083,0.00976038,0.239503,0.571507,0.88183,1.70848,0.281448,0.265911
1.1384,0.182713,0.360981,0.460438,0.483849,0.525184,0.474877,0.793165,0.630885,1.44422,1.01066,0.557094
0.407036,0.334239,0.0528329,0.380837,0.567946,0.422709,1.47494,0.803706,0.353366,0.91089,1.09053,1.35453
0.153833,0.445104,0.107606,0.409743,0.567069,0.194853,1.24799,1.45155,0,0.592087,0.847713,1.57037
0.234826,0.341817,0.0430776,0.427124,0.445663,0.379681,0.814316,1.37261,0,0.207747,0.631328,1.75842
0.993826,0.289423,0.308496,0.531241,0.0344579,0.404891,0.256428,1.20277,0.184835,0.119089,0.407944,1.65456
2.20365,0.190269,0.499646,0.494084,0.0520595,0.212179,0.00850764,0.90514,0.375966,0.291397,0.25045,0.768272
2.84537,0.409617,0.455404,0.284799,0.34285,0.107182,0.0172566,0.748686,0.00358968,0.691441,0.156341,2.82205e-05
2.79579,0.565683,0.0749956,0.237365,1.04527,0.0718442,0.260149,1.2804,0.0359106,1.19907,0.203,0
2.30254,0.66668,0.00443889,0.00506715,1.70871,0.0692694,0.02048,1.81335,0.885703,0.844748,0.0910791,0.0830335
1.3378,0.392317,0.000434466,0.00805314,1.36929,0.0727164,0.0348631,1.40258,1.11952,1.21858,0.00083288,0.167798
0.968554,0.217963,0.018905,0.0807046,1.40706,0.0131307,0.275,0.738061,1.04325,1.44335,0.000275046,0.134473
1.28851,0.28111,0.0287342,0.522443,1.49788,0.00810822,0.437783,0.234802,1.17988,1.3319,0,0.203399
1.36011,0.0449016,0.0206756,0.571051,1.47913,0.013446,0.51531,0.131726,1.23525,1.06697,0,0.244117
1.22291,0.00176282,0.0517517,0.261914,1.50191,0.0279977,0.567928,0.0448913,1.31561,0.800151,0.0632758,0.204191
0.474527,0.00259452,0.156034,0.573281,1.47713,0.26212,1.09588,0.200459,0.739362,0.574354,0.944879,0.117869
0.669989,0.177842,0.110764,0.878178,1.33747,0.388086,1.06266,0.421938,0.151311,0.685783,0.756786,0.424379
0.632638,0.20293,0.0972847,0.896045,1.09056,0.533642,0.927781,0.894093,0.135652,0.414961,0.335555,0.804614
0.646014,0.189225,0.10916,0.806227,0.687442,0.602754,0.839494,0.851696,0.133703,0.419122,0.204682,1.02022
0.598676,0.158302,0.115185,0.687504,0.53868,0.797143,0.685915,0.675599,0.151819,0.347737,0.187442,1.11698
0.878477,0.316203,0.0766187,0.564189,0.57314,1.03386,0.475314,0.471402,0.503804,0.230877,0.388654,1.22676
1.57299,0.346385,0.190626,0.350793,0.144292,1.01041,0.311947,0.383983,1.57423,0.944439,0.466536,0.463091
1.72238,0,0.628031,0.541326,0.424612,0.293978,0.432492,0.299836,2.03818,0.42299,0.42959,0.270823
1.62899,0.153631,0.382955,0.752719,0.501643,0.0385438,0.691116,0.0742624,1.77968,0.18889,0.244644,0.0309513
1.2608,0.565871,0.917203,0.346095,0.5641,0.0412012,0.729317,0.311016,0.940004,0.399652,0.152083,0.0603739
0.890546,0.690154,1.46755,0.344402,0.467471,0.0168104,0.466506,2.17334,0.475738,0.829049,0.248548,0.0976891
0.900777,0.292127,1.60414,0.655632,0.258741,0,0.111798,2.39321,0.19334,1.09933,0.386196,0.355153
0.968251,0.0663849,1.04576,0.959546,0.241133,0.0327689,0.00482257,2.16222,0.199919,1.15746,0.40725,0.433572
1.45619,0.119123,0.370857,1.17058,0.101088,0.0631959,0.0113794,1.75747,0.160313,1.23551,0.135217,0.414816
1.90506,0.282438,0.235246,1.0361,0.452784,0,0.0162619,1.40008,0,1.085,0.119533,0.361967
2.05223,0,0.56704,0.582125,0.927193,0,0.261978,1.05605,0.111725,1.40116,0.257547,0.414328
2.04131,0,0.744567,0.128275,1.20715,0.0006603,0.722368,0.716351,0.288339,1.46462,0.12117,0.416641
0.851703,0.484984,0.981188,0.0631554,1.43766,0.000759186,0.816639,1.26741,0.382808,0.633772,0.387516,0.765941
0.179028,1.10853,0.490784,0.0506389,0.896595,0.0591775,0.753812,2.0772,0.22296,0.168036,1.05008,0.459217
1.20449,0.944187,0.14484,0.112057,0.789486,0.0746365,0.522781,2.12914,0.00831032,0.138626,0.766887,0.418979
2.98648,0.510792,0.102056,0,1.40495,0.0469742,0.287327,1.64434,7.52414e-06,0.452846,0.353518,0.268269
3.48621,0.313831,0.0590125,0,1.7766,0.00903391,0.261347,1.35981,0,1.0706,0.0456754,0.263233
3.5275,0.211,0.25075,0,1.63837,0.024009,0.218246,0.854243,0,1.58674,0.0685114,0.295501
3.3932,0.153011,0.52398,0.185348,1.65437,0.0805158,0.0690071,0.573459,0.134265,1.18295,0.132426,0.130148
3.20654,0.222601,0.577346,0.225555,1.74194,0.0639268,0.0503505,0.515404,1.04556,0.716586,0.0703346,0
3.17501,0.246344,0.0486063,0.12216,1.64902,0.12711,0.102527,0.553612,1.22979,0.923937,0.0293727,0
3.17673,0.0950089,0.126092,0.0269684,1.92605,0.00313713,0.0751582,0.677212,1.28453,0.758259,0.0509314,0.0599407
2.99487,0.0594482,0.285755,0.0179282,2.23638,0.0842905,0.0589857,0.747804,0.915841,0.719729,0.0501898,0.0888744
2.64676,0.0203104,0.311989,0.082874,2.03778,0.150846,0.00518672,1.01973,0.396354,1.13158,0,0.137191
2.29657,0.0014458,0.229058,0.308774,1.92883,0.0171181,0.121017,0.90608,0.232205,1.45621,0,0.045147
2.11759,0.00292361,0.199474,0.417403,2.27896,0.00703147,0.240749,0.813629,0.0657865,1.47306,0.00968186,0
2.05759,0.00339532,0.0824224,0.355185,2.80173,0.0153071,0,0.688494,0.0895673,1.34728,0.181413,0.0694374
1.7449,0.249965,0,0.516361,2.10286,0.513686,0.551728,0.164043,0.156822,0.84442,0.703837,0.20652
1.33516,0.506701,0.259389,0.66952,1.23356,0.566418,0.675804,0.403128,0.264939,0.335091,0.657326,0.710827
1.05817,0.486538,0.408807,0.446756,0.836371,0.729317,0.789217,0.459443,0.388808,0.310391,0.712763,0.807388
0.905659,0.413335,0.553491,0.373835,0.370295,0.991469,0.856702,0.409496,0.361312,0.276219,0.67915,0.875364
0.880252,0.421534,0.64083,0.101565,0.165091,0.974243,0.926731,0.417074,0.186045,0.36519,0.850394,0.777979
0.441073,0.37665,0.821368,0.108957,0.401905,1.02455,0.857675,1.00576,0.394831,0.291836,0.822559,0.569341
0.637127,0.0831071,1.11862,0.14627,0.984033,0.627587,0.125803,0.560545,0.649275,0.572527,0.22723,1.22713
0.669295,0.243693,1.97436,0.101422,1.12404,0.442256,0.00171013,0.215884,0.695622,0.268794,0.025551,0.908433
0.196492,0.470124,2.1584,0.209027,1.09341,0.486123,0.0778973,0.167178,1.24855,0.312771,0.000268163,0.400949
0.168475,0.400548,1.49026,0.052844,1.21537,0.00156438,1.1403,0.244195,1.27269,0.0697362,0.684365,0.202086
0.517715,0.406679,0.530925,0.0434893,0.652294,0.0069843,2.21154,0.317013,0.553394,0.200009,1.13444,0.0121652
1.00353,0.306038,0.339371,0.152562,0.608719,0.032241,2.29669,0.103915,0.399753,0.747188,1.08499,0.0433621
1.26575,0.352958,0.103666,0.0757809,0.544007,0.0777451,2.04581,0.0115409,0.356117,1.27147,1.06333,0.320412
1.66212,0.579725,0.0191673,0.0703333,0.665164,0.0738206,1.93965,0.00989822,0.256208,1.4479,1.02025,0.201023
2.23111,0.405058,0.477768,0,0.959654,0,1.52006,0.0205319,0.162671,1.46843,1.21876,0.172623
2.96454,0,0.563288,0,0.711209,0,0.812632,0.574304,0.261642,1.73408,1.01962,0.33679
2.71454,0,0.523441,0.365725,0.755857,0.0467449,0.669989,0.898017,0.553428,1.59966,0.172138,0.508584
0.934685,0.33565,0.509491,0.221544,1.00923,0.00566817,0.575296,0.534784,1.2684,1.06503,0.457296,1.08991
0.0465277,0.897417,0.465674,0.217628,1.24041,0.0189222,0.468069,0.548584,0.876058,1.76577,0.674151,0.549185
0.0347781,1.34396,0.396855,0.374552,1.44741,0.0060012,0.500805,0.451633,0.519432,1.82645,0.760444,0.255421
0.142386,1.30242,0.606015,0.473852,1.54682,0.0187039,0.24898,0.322817,0.485431,1.89331,0.706838,0.266633
0.822062,0.937028,0.803113,0.178889,1.27851,0.0219157,0.226772,0.0703119,0.486744,2.1725,0.565077,0.246876
1.52399,0.701689,0.474825,0.159215,0.652897,0.14364,0.628902,0.0505489,0.500543,2.21057,0.313914,0.101194
1.70117,0.492006,0.571732,0.306482,0.917334,0.333418,0.521678,0.0398458,0.558106,1.40435,0.625096,0
1.44803,0.466037,0.441105,0.257052,0.905252,0.339559,0.512391,0.0563985,0.667465,1.31552,1.1246,0
0.757562,0.246493,0.334054,0.0204876,0.715751,0.562162,0.542243,0.599203,0.718084,1.43014,1.87462,0.122332
0.197625,0.0200433,0.29632,0.0354302,0.76986,0.704888,0.557079,0.46913,0.328487,1.07779,2.7351,0
0.515334,0.00215336,0.00571384,1.02159,0.639399,0.121929,0.565591,0.111599,0.983852,0.626715,1.95225,0.00838963
0.668508,0.0104162,0.00496056,0.697946,1.17292,0.00306546,0.57649,0.0358812,1.98707,0.844023,1.45822,0.00772564
0.837479,0.101574,0.00311945,0.653585,1.39903,0,0.578202,0.054699,2.08487,1.63183,0.713158,0.0466167
0.656251,0.154174,0.0181628,0.931179,1.20374,0.583062,0.547464,0.0546892,0.920407,2.7183,0.474038,0
0.499379,0.169903,0.425664,0.490364,0.883385,0.620428,0.47024,0.0423566,0.366508,2.2001,1.76985,0.0163627
0.436396,0.161076,0.651486,0.00407644,0.635146,0.486324,0.325668,0.55116,0.436926,1.53905,1.82467,0.112236
1.53936,0.23035,0.395044,0.235101,0.844408,0.2065,0.155487,0.578996,0.35634,0.579622,1.16764,0.808526
1.86487,0.222319,0.179136,0.240442,0.82153,0.178104,0.05599,0.613217,0.519171,0.584865,0.629735,0.915796
2.09978,0.166206,0.0667448,0.244507,0.827816,0.308228,0.0570826,0.494754,0.392072,0.524013,0.540848,0.792496
1.97056,0.0307709,0.046443,0.199067,0.564791,0.547869,0.0539096,0.523133,0.490987,0.51996,0.288322,0.613134
1.90438,0.236631,0.0803018,0.150549,0.100226,0.414058,0.0288328,0.148325,1.22524,0.493608,0.381467,0.426908
1.52384,0.357219,0.765203,0.0757311,0.0184375,0.0634651,0.319003,0.0805744,1.89366,0.599235,0.345735,0.289384
0.32721,0.123679,1.78043,0.229393,0.0351036,0.207603,0.471271,0.0157959,1.74302,0.92191,0.218789,0.17416
0.110812,0.078847,2.28978,0.110153,0.0865392,0.169894,0.462043,0.0142096,1.21328,1.24071,0.152664,0.174876
0.0639063,0.64965,2.17333,0.0970525,0.174553,0.0303512,0.455742,0.0437775,0.274794,1.95398,0.0621865,0.191407
0.193149,1.05106,1.26111,1.30828,0.163246,0.0709799,0.358292,0.0778387,0.344025,2.49547,0.0388206,0.199376
0.17462,0.86163,1.36946,2.41172,0.0462893,0.0351107,0.323372,0.130814,0.114718,2.34523,0,0.0917697
0.107782,0.492725,1.93913,2.12909,0.0500427,0.0192341,0.468833,0.136996,0.311232,2.53919,0.219758,0
0.243379,0.051573,2.38316,1.21903,0,0.0322922,0.53854,0.0876956,0.593892,2.36398,0.161848,0.157726
0.347683,0.0309683,2.48144,0.39308,0,0,0.483259,0.0894708,0.251723,2.57964,0.110369,0.235323
0.258612,0,2.20297,0.177164,0.175311,0.0886651,0.245629,0.349864,0.110749,2.42893,0.11153,0.412317
0.268154,0.139819,1.51923,0.319442,0.251362,0.239903,0.801855,0.361141,0.25846,1.81717,0.114051,0.603057
0.253311,0.971613,0.920382,0.521077,0.159647,0.382994,1.12585,1.05579,0.349623,0.69831,0.538023,0.756796
0.171834,1.47929,0.493833,0.390978,0.15977,0.408364,0.671271,1.83691,0.403402,0.558968,0.973267,0.505598
0.41141,1.64527,0.428318,0.0635277,0.213783,0.339216,0.110871,2.1499,0.472996,0.69705,0.991553,0.295045
1.14358,0.944087,0.227594,0.00644668,0.568705,0.419821,0.0618041,2.08631,0.59232,1.05863,0.397877,0.248577
2.22453,0.658379,0.353978,0.150868,0.846567,0.366086,0.0419258,1.93901,0.684344,0.933723,0.307955,0.25572
2.99503,0.354854,0.413486,0.435911,1.09027,0.0472426,0.00611076,1.93442,0.140126,1.30117,0.0737841,0.236579
3.17896,0.336053,0.500894,0.368507,1.00997,0.058153,0.0239363,1.72463,0.150593,1.43169,0.199811,0.0958858
3.2432,0.267328,0.266134,0.249225,1.07459,0.0522628,0.053755,1.6404,0.0727412,1.62073,0.0524023,0.0631105
3.46198,0.350888,0.00411191,0.165426,0.750801,0.0152099,0.036824,1.35612,0.347351,1.97141,0.0503107,0.0493745
3.48589,0.37475,0.00532057,0.294363,0.514689,0,0.0465945,1.10882,0.282588,1.86155,0,0.110229
3.34725,0.292121,0.00302284,0.322549,0.969883,0,0.0621887,0.630128,0.186755,2.21831,0,0.149489
3.5681,0.108062,0.00224316,0.195936,1.19047,0.0244267,0.0995808,0.512662,0.262609,2.29215,0,0.167414
3.4045,0.0889776,0.441214,0.14025,1.12566,0.0829855,0.0305548,0.609261,0.335526,2.28458,0,0.326085
2.39336,0.146747,0.46266,0.0198398,0.846417,0.420916,0,0.0660789,0.623667,1.70925,0.3276,0.568503
1.87119,0.222693,0.0939682,0,0.107147,0.673909,0.0431488,0.00119376,1.27901,1.20252,0.484917,0.881327
1.57115,0.364159,0,0.0046633,0.0161178,1.00545,0.409615,0.0184885,0.997931,0.459227,0.889873,1.09272
1.49051,0.305064,0,0.0830857,0.0994674,1.03217,0.760289,0.0732267,0.833138,1.08507,0.86538,0.857137
1.47728,0.276457,0.0583916,0.0508247,0.104204,1.15934,0.833576,0.0694755,0.64101,1.36263,0.671111,0.783692
1.37673,0.211659,0.255651,0.083774,0,1.14892,0.802361,0.0604814,0.528745,1.38525,0.527017,0.674647
1.46672,0.0959921,0.769127,0.0878697,0,0.95325,0.782945,0.0841099,0.3883,1.29398,0.589104,0.324172
0.860182,0.150488,1.57391,0.149089,0.0439809,0.877295,0.453087,0.334796,0.279806,1.06409,0.590158,0.465008
0.861799,0.277217,1.23984,0.00665124,0.13996,0.528119,0.471334,0.167386,0.92708,1.20372,0.737413,0.519304
1.06171,0.322402,0.133356,0.898625,0.0508894,0.0520454,0.130468,0.411056,1.73521,1.28781,0.317938,0.488052
0.950682,0.354486,0.108347,1.22171,0.0312488,0.230064,0.128193,0.422721,1.89404,0.893154,0.298162,0.697897
0.701988,0.32326,0.0273406,1.22061,0.0533911,0.0434441,0.684784,0.351086,1.25717,0.337523,0.513873,2.19889
0.768146,0.229146,0.0868278,0.33992,0.175276,0.0970048,0.586491,0.329262,1.15643,0.403015,0.354839,2.81993
0.519109,0.00315216,0.115205,0.464397,0.480806,0.10319,0.42598,0.207149,0.235823,0.754258,0.218979,2.75584
0.348681,0.191987,0.0655635,0.63691,0.706228,0.129009,0.292119,0.116318,0.0863482,1.20556,0.0315942,2.39955
0.89428,0.282123,0.200894,0.516674,0.893464,0.0938269,0.256017,0.298247,0.0129424,1.21145,0.0768989,1.87827
1.9072,0.0216695,0.27255,0.434608,0.85965,0.0760372,0.198431,0.425209,0.413817,1.30125,0.136219,1.25261
3.02461,0.0131802,0.433531,0.45501,0.700406,0.0195954,0,0.530345,0.487089,1.27094,0.215339,0.42316
2.66041,0.00880733,0.194919,0.693945,0.362549,0.343358,0.017323,0.599299,0.939012,1.25009,0.227678,0.360296
0.745357,0.0149366,0.0753529,0.515037,0.812586,0.811043,0.331446,1.05401,0.86755,0.884182,0.403596,1.48479
0.180453,0,0.147983,0.508411,0.620566,0.63316,0.924949,0.85344,0.245808,0.406137,1.00391,2.2287
0.115229,0,0.361466,0.476366,0.465144,0.748222,0.617907,0.967803,0.0824028,0.145589,0.923371,2.2736
0.158099,0.000414457,0.503663,0.540813,0.216462,0.682444,0.147348,0.987344,0.11442,0.184862,0.581483,2.27333
1.06052,0.0724232,0.651974,0.599287,0.0299652,0.420592,0.039137,0.846575,0.0756885,0.17516,0.192094,1.88588
2.39356,0.202794,0.475969,0.576788,0.0489114,0.104534,0.0195894,0.63444,0.0917838,0.451646,0.181495,0.783519
3.00983,0.292307,0.540765,0.371904,0.261081,0.106655,0.0656747,0.576683,0.00497478,0.755832,0.317161,0
2.74519,0.737259,0.0790546,0.26228,0.767756,0.076207,0.128249,1.2232,0.0831422,1.07626,0.22992,0
1.90204,0.562592,0.00112585,0.00250284,0.896731,0.137408,0.178501,2.10908,0.828466,1.14901,0.0858779,0.199691
1.01106,0.550414,0,0.0653287,1.39442,0.0779819,0.182936,1.56126,0.871449,1.22166,0.031953,0.276804
0.93081,0.395465,0,0.281953,1.34191,0.0287677,0.45282,0.51577,1.26748,1.27612,3.41379e-05,0.285502
1.13976,0.226803,0.0241997,0.501035,1.40779,0.0523012,0.569503,0.0500792,1.53182,1.12751,0,0.200867
1.43067,0.201218,0.0583118,0.513184,1.69849,0.0675472,0.592062,0.0678012,1.44913,0.932636,0,0.200297
1.21039,0.13809,0.0637052,0.194491,1.83036,0.178711,0.583297,0.0915466,1.24733,0.781358,0,0.160914
0.140095,0.0733882,0.208102,0.449973,1.57751,0.576892,0.86552,0.365531,0.309209,0.53758,1.29772,0.0931159
0.830326,0.33375,0.196924,0.513909,1.30045,0.510304,0.816465,0.270311,0.0145308,0.414624,1.51569,0.0978751
0.850594,0.402178,0.156676,0.381193,0.888687,0.860312,0.74144,0.378031,0.0991064,0.477592,1.2404,0.221782
0.880594,0.414789,0.165472,0.318714,0.543389,1.34325,0.667351,0.415044,0.118535,0.463998,0.742107,0.504638
0.958423,0.367066,0.19687,0.293248,0.547935,1.59618,0.540369,0.456733,0.142063,0.378446,0.439704,0.677615
1.28748,0.2631,0.246244,0.293267,0.737715,1.76085,0.335469,0.542911,0.575974,0.174081,0.441133,0.667706
1.54306,0.0292859,0.134924,0.515776,0.396937,1.20875,0.675665,0.538795,1.20223,0.918092,0.3816,0.305587
1.55001,0.0835637,0.683004,1.4321,0.0467918,0.0907419,0.564048,0.314754,1.79261,0.268983,0.283028,0.123351
1.45258,0.251241,0.463478,1.11919,0.24312,0.0450717,0.693862,0.0575172,1.86409,0.251319,0.254595,0.0790061
1.04311,0.462845,1.29534,0.252762,0.713436,0.0536885,0.726049,0.959179,0.990666,0.739487,0.145149,0.0164137
0.271615,0.899609,2.01617,0.311754,0.423689,0.0463472,0.200602,2.24758,0.263155,1.19304,0.144354,0.0959583
0.280079,0.171095,1.95917,0.469872,0.329007,0.0382579,0,2.26257,0.331281,1.25294,0.374886,0.169894
0.67585,0.101646,1.10462,0.841325,0.326369,0.0439111,0.0288311,2.00833,0.295396,1.20521,0.420893,0.200184
1.48126,0.182588,0.271265,1.18419,0.143374,0.0725631,0.042466,1.48499,0.217917,1.62504,0.0980362,0.159356
1.84523,0.174382,0.148307,0.950979,0.481423,0,0.0323445,1.18628,0.21158,1.77089,0.0949527,0.266886
2.13657,0,0.238577,0.545803,0.944437,0.00423899,0.595727,0.763366,0.11151,2.1033,0.171972,0.358177
2.0208,0.00038241,0.54156,0.0925658,1.25169,0.0111996,0.687306,0.632685,0.345317,2.20515,0.109674,0.430379
0.986239,0.316491,0.412417,0.0348169,1.57528,0,0.616651,1.48997,0.37901,2.0348,0.252394,0.651293
0.400058,0.7156,0.153142,0.0380135,0.892953,0.00371558,0.383852,2.52142,0.187745,1.11782,0.726263,0.66783
1.19328,0.704444,0.121692,0.00507392,1.06391,0.0257005,0.443977,2.1968,0.00174373,1.15705,0.468395,0.418317
2.03899,0.40505,0.0952828,0,1.69802,0.0841708,0.425409,1.46261,0,1.80037,0.184561,0.247039
2.87046,0.230864,0.0670915,0,1.76302,0.0114081,0.349969,0.835536,0,2.06681,0.06577,0.241839
3.29771,0.269675,0.213478,0,1.80927,0.0322767,0.263356,0.402388,0,1.44624,0.0681545,0.165403
3.1204,0.166354,0.470757,0.278798,1.84066,0.0816164,0.133534,0.396484,0.405044,0.472268,0.195535,0.0970496
2.98197,0.233006,0.652962,0.252404,2.0231,0.0312983,0.0971041,0.49268,1.36284,0.191849,0.12488,0
3.16144,0.337898,0.259222,0.217395,2.09814,0.0181316,0.0876533,0.508241,1.36791,0.514979,0.0615955,0
2.8721,0.29067,0.839093,0.0163586,1.68774,0.00665254,0.156439,0.624006,0.679791,1.05,0.240928,0.0270827
1.73403,0.215166,1.36062,0,0.965124,0.00120757,0.172966,0.898275,0.0759859,1.61849,0.537232,0.057343
0.678488,0.0493416,1.10387,0.408402,1.18189,0.0114823,0.130564,0.97107,0.0931246,1.78871,0.601258,0.345034
0.871925,0.0906935,0.433297,0.505296,1.63274,0.0158063,0.110551,0.844141,0.0900139,1.56584,0.716644,0.368767
0.946315,0.0509875,0.0533339,0.540819,2.10874,0,0.0593224,0.825636,0.122979,1.27532,0.903466,0.303152
0.921859,0.00233826,0.100942,0.808928,2.14026,0.207536,0,0.756959,0.13163,1.09546,0.82218,0.308832
1.11068,0.0041025,0.144059,0.915089,2.0612,0.245146,0.00730485,0.553353,0.174978,1.17405,1.20193,0.236709
1.16037,0.000394229,0.229382,0.894645,2.28042,0.304996,0.0496102,0.518273,0.115897,1.05818,1.05267,0.157315
0.700572,0.000374422,0.221852,0.757589,1.31169,1.20355,0.111723,0.670025,0.0828423,0.983052,0.860128,0.257119
0.840758,0.239314,0.235063,0.500355,0.806846,1.93718,0.46343,0.635015,0.0307854,0.838372,0.583838,0.119096
1.13435,0.423895,0.162919,0.376513,0.714307,1.85096,0.946813,0.480223,0.0120227,0.681128,0.577014,0.0955074
1.74126,0.221401,0.532636,0.382456,1.25288,0.661303,1.47728,0.118572,0.165774,0.417927,0.303766,0.561613
1.74731,0.301712,1.192,0.386761,1.01073,0.259641,0.864097,0.248375,0.575192,0.412614,0,0.670827
1.1468,0.342664,1.41589,0.322953,0.970615,0.307474,0.596984,0.367494,0.916106,0.721161,0,0.7112
0.170108,0.947111,1.6188,0.207435,1.33469,0.289922,0.0407731,0.676469,0.967348,0.67549,0.000419286,0.32798
0.246045,0.753188,1.10259,0.0903868,1.17508,0.0775078,1.11247,0.583995,0.499964,0.445228,0.685713,0.0840924
0.415685,0.70167,0.675243,0.0888628,0.544311,0.0363113,2.02829,0.479905,0.342748,0.461855,1.14329,0
0.429079,0.611777,0.496258,0.0505894,0.526679,0.0112344,2.23381,0.429104,0.305047,0.388895,1.15727,0.088253
0.58758,0.556855,0.263317,0.113492,0.553207,0.0510138,2.11561,0.3681,0.234328,0.39296,1.11665,0.27004
0.666163,0.398045,0.339094,0.165818,0.551049,0.0872476,2.09384,0.433654,0.283753,0.611272,1.11327,0.495272
0.84905,0.749265,0.288495,0.21235,0.58992,0.0411182,1.33273,0.35707,0.156903,0.548468,1.17146,0.93695
1.26883,0.344273,0.124441,0.297021,0.360412,0.0271068,0.35335,0.412469,0.483675,0.234564,1.16407,1.2163
0.787505,0.453551,0.25769,1.23233,0.483029,0.387209,0.0628956,0.666229,0.626485,1.6946,0.254196,1.22441
0.141746,1.03843,0.327656,0.821195,1.01976,0.285855,0.335662,0.906925,0.378791,1.28088,1.04637,0.891365
0.297513,1.08008,0.387913,0.633263,1.4653,0.405291,0.350574,0.741395,0.940226,0.310531,1.06037,0.610027
0.394281,1.22455,0.326552,0.651543,1.98375,0.260335,0.285872,0.569538,1.22577,0.14802,1.10803,0.0499444
0.512923,1.36821,0.20613,0.701792,1.88283,0.233262,0.140266,0.290681,1.73364,0.387052,1.21055,3.38922e-05
0.755724,1.18947,0.00179655,0.694352,2.07566,0.253645,0.117676,0.14727,2.32454,1.13333,0.905609,0
0.747862,1.02802,0.145622,0.0568225,2.34612,0.196345,0.0932803,0.104238,1.90151,2.11032,0.103309,0
0.289323,1.52172,0.239527,0,2.01986,0.0942317,0.671903,0.0511528,0.50704,2.87108,0.0209341,0.0812291
0,1.91279,0.206675,0.0275638,1.92639,0.122602,0.878521,0.0383165,0.200794,2.72173,0.0444728,0.057803
0,1.75771,0.248054,0.107911,2.08126,0.104758,0.694982,0.155963,0.0942494,2.04175,0.205968,0.19827
0.0211046,1.93316,0.287767,0.0865863,2.03888,0.132019,0.546599,0.153778,0.0892562,1.76181,0.554892,0.326293
0.0057124,2.23482,0.100899,0.185171,2.20951,0.121296,0.371095,0.116466,0.325186,1.65678,0.641275,0.158651
0,2.36016,0.0779703,0.584499,2.38116,0.0595111,0.230652,0.22778,0.89766,1.58986,0.614198,0
0,2.14279,0.11281,0.357262,2.46717,0.0240332,0.155414,0.154426,1.72324,1.34342,0.506778,0
0,1.71692,0.202695,0.172529,2.46646,0.0186791,0.442103,0.137261,1.65397,1.67766,0.0818079,0.0412822
0,1.8989,0.20293,0.789523,2.01984,0,0.89238,0.101163,0.853267,2.00773,0.138441,0
0.129249,1.75358,0.219637,1.10741,1.75062,0.00460942,0.955147,0.104544,0.520649,1.51278,0.19821,0.0405043
0.104183,1.475,0.152836,1.15975,1.74723,0.101339,0.764715,0.637312,0.683045,1.25049,0.432921,0.148932
0.157986,1.33211,0.252114,1.08257,2.02204,0.414247,0.739141,0.683277,0.173257,1.3715,0.786235,0.137462
0.655625,1.45689,0.702428,0.0652561,2.42586,0.373769,0.684061,0.602952,0.160017,1.16601,0.915287,0.185562
0.776565,1.46311,0.604959,0.0929823,2.47388,0.244658,0.622217,0.533775,0.177855,1.09767,0.734274,0.336067
0.536188,1.76828,0.197406,0.108301,2.57351,0.358406,0.652627,0.275122,0.189688,1.42146,0.612751,0.493195
0.0560288,1.94868,0.224538,0.035728,2.44591,0.425596,0.892779,0.0836118,0.397135,1.46685,0.702888,0.592911
0,1.92342,0.238838,0.100252,1.9432,0.584179,0.983639,0.0932636,0.52483,1.03574,0.660748,0.359215
0.319375,1.74304,0.512341,0.202793,1.77621,0.95713,0.671077,0.0431855,0.363407,0.683174,0.733973,0.330799
1.08168,0.623272,1.07446,0.206758,2.82359,0.822452,0.549792,0.0463669,0.198222,0.623236,0.853032,0.344636
0.946703,0.813308,0.957443,0.35531,3.05513,0.729128,0.326077,0.0766283,0.19606,0.952688,0.837974,0.368499
0.818182,0.929692,0.744131,0.473575,3.04067,0.608369,0.260688,0.0874795,0.195629,1.53158,0.630607,0.324546
0.815541,0.961782,0.567931,0.382129,2.97875,0.367798,0.210359,0.0707473,0.249277,1.87977,0.632558,0.451025
0.743484,1.06721,0.406519,0.250267,2.95946,0.126207,0.303142,0.438055,0.369397,1.93659,0.682228,0.557178
0,1.34831,0.431433,0.0869663,3.05952,0.0286028,0.708695,0.990903,0.0699526,1.96942,0.817734,0.190132
0.156426,0.777075,0.584109,0,1.51466,0.0127088,1.75914,0.50333,0,2.24477,0.652608,0.146351
0.0483907,0.559318,0.75358,0.482251,0.767541,0,1.46759,0.723711,0.166842,1.22947,0.970091,0.6758
0.0281912,0.299223,0.968115,0.61628,0.671858,0.191887,0.673307,1.57093,0.203028,0.585185,1.20828,1.11373
0.203483,0.48506,0.939162,0.568292,0.585228,0.368448,0.166409,2.12468,0.253633,0.716743,1.18386,1.01702
0.813047,0.578399,0.912803,0.265031,0.410608,0.511898,0.0838638,2.42714,0.481606,0.666467,1.03514,0.688464
1.36089,0.569418,0.492081,0,0.802716,0.546403,0.0430852,2.59083,0.687965,1.11633,0.519,0.280723
1.96402,0.63637,0.070214,0.0597953,1.36309,0.254029,0.0597085,2.42113,0.656711,1.83911,0.0643521,0.30577
2.07479,0.524772,0.26184,0.284822,1.27738,0.169177,0.150609,2.24929,0.23309,1.74463,0.136628,0.328248
2.50832,0.453177,0.400608,0.249257,1.10237,0.0222144,0.287532,2.03459,0.128105,1.64914,0.0407766,0.197145
2.9599,0.578139,0.0329152,0.134959,1.12927,0.084807,0.321409,1.8501,0.190872,1.54031,0.00347312,0.0993682
3.1648,0.157586,0.104481,0.30478,0.777976,0.220607,0.230579,1.59033,0.259068,1.25552,0.00324926,0.0507566
3.20606,0.455838,0.304554,0.382841,0.565149,0.302847,0.124956,1.64906,0.236985,0.91196,0.0993497,0.127428
3.07078,0.367268,0.202305,0.479372,0.320292,0.252159,0.168105,1.88473,0.149939,1.06328,0.00082931,0.225369
2.29248,0.298779,0.106258,0.383002,0.210977,0.061892,0.178047,2.51617,0.138996,0.993887,0.0340546,0.157064
1.64697,0.371152,0.248129,0.177804,0.0697174,0.0505255,0.122407,2.19122,0.731353,0.918689,0.0579741,0.156429
1.20392,0.4221,0.214283,0.275191,0.0998674,0.0500061,0.112252,1.00316,1.5517,0.958368,0.0375682,0.0941396
0.849021,0.377887,0.29012,0.363549,0.459636,0.508147,0.488801,0.0621254,1.13125,1.00265,0.0502042,6.36979e-05
0.777868,0.0591735,0.218057,0.47743,0.242932,0.844555,1.2479,0.0919763,0.569871,0.954675,0.110381,0.8035
0.756881,0.403398,0.124182,0.425987,0.189259,0.813335,1.10008,0.104756,0.452512,0.842633,0.235308,0.885826
0.543182,0.738222,0.0618065,0.119849,0.15553,0.881382,0.857805,0.26208,0.813001,0.822085,0.326571,0.982723
0.375468,0.730318,0.0766646,0,0.074667,0.938926,0.858517,0.308722,1.22022,0.934928,0.348492,1.15098
0.205414,0.542685,0.174211,0.00650333,0.0298506,1.04793,0.982658,0.399454,1.75007,1.03238,0.334308,1.34129
0.0848371,0.438349,1.00449,0.332949,0.115676,0.939762,0.501601,0.911497,2.13864,0.55191,0.248631,0.45546
0.150161,0.120294,1.07241,1.19984,0.937036,0.0367758,0.278256,1.42852,0.348291,1.33601,0.0247417,0.416151
0.144778,0.0201043,1.18167,1.13674,0.339447,0.307197,0.381938,1.45357,0.184412,2.25923,0.000251425,0.55905
0.100231,0,0.979077,0.678429,0.58018,0.515548,0.38311,1.34082,0.222555,2.6444,0.000359189,0.29563
0.102572,0.109247,0.242001,0.452513,2.29142,0.102872,0.192232,0.287667,0.0677022,1.92168,0.605225,0.194093
0.474094,0.431417,0.218409,0.724443,1.91598,0.172242,0.0846908,0.218913,0.0160353,2.01542,0.759213,0.0445207
0.594079,0.332235,0.517468,0.641688,1.4455,0.305493,0.423216,0.103802,0.0748425,2.41493,0.583522,0.00795901
0.636275,0.0261055,1.41757,0.485587,1.37947,0.338369,0.379603,0.0749122,0.263703,2.58484,0.593029,0.000395932
0.943245,0.186392,2.44185,0.232111,0.8182,0.0180091,0.278347,0.0527204,0.114986,2.6144,0.523058,0.219583
1.11829,0.00898,3.59738,0.0118868,0.131911,0,0.338288,0,0.0869572,2.36183,0.398691,0.285659
0.952629,0,3.93062,0,0.0898381,0.126541,0.287957,0,0.196715,2.19998,0.189608,0.247334
1.32967,0,3.12731,0.15579,0.165519,0.27394,0.216148,0.27558,0.482204,1.77885,0.176683,0.219009
1.39621,0.25018,0,0.640875,0.375297,0.544357,0,1.25943,0.781243,1.38439,0.243379,0.569487
1.0633,0.535298,0,0.508177,0.636491,0.667864,0.231139,1.16468,0.614654,0.773174,0.270725,0.560484
0.715285,0.536108,0.408857,0.301633,0.208468,0.894027,0.59273,0.499916,0.427503,1.16516,0.147447,0.425561
0.27819,0.521523,1.58581,0.161146,0.000739506,0.707186,0.403346,0.696694,0.0892362,1.23679,0.256285,0.333582
0.1476,0.3253,2.37312,0.320976,0.00610372,0.424615,0.304397,0.964958,0,0.898986,0.16702,0.300052
0.357809,0.24903,2.77651,0.307455,0.0132899,0.040996,0.354873,0.747768,0.0769058,1.15922,0.17741,0.108325
0.524152,0.314961,3.10758,0.216135,0.112322,0.0363567,0.392438,0.271912,0.0218109,1.46766,0.129014,0.0542111
0.75754,0.444392,3.33558,0.381952,0.361438,0,0.313492,0.0128951,0.133747,1.42344,0,0.0501978
0.13745,0.649998,3.09366,0.221883,0.212908,0.00401314,0.329402,0.306054,0.372164,1.53119,0.0563991,4.58204e-05
0,0,0,0,0,0,0,0,0,0,0,0