0,0,0,0,0,0,0,0,0,0,0,0
0,0,0,0,0,0,0,0,0,0,0,0
0,0,0,0,0,0,0,0,0,0,0,0
0,0,0,0,0,0,0,0,0,0,0,0
0,0,0,0,0,0,0,0,0,0,0,0
0,0,0,0,0,0,0,0,0,0,0,0
0,0,0,0,0,0,0,0,0,0,0,0
0,0,0,0,0,0,0,0,0,0,0,0
0,0,0,0,0,0,0,0,0,0,0,0
0,0,0,0,0,0,0,0,0,0,0,0
0,0,0,0,0,0,0,0,0,0,0,0
0,0,0,0,0,0,0,0,0,0,0,0
0,0,0,0,0,0,0,0,0,0,0,0
0,0,0,0,0,0,0,0,0,0,0,0
0.410524,0.358121,0.2542,0.448026,0.208351,0.507059,1.66672,1.43869,0.469409,0.305472,1.03821,0.0776354
0.205477,0.114089,0.189269,0.43639,0.254847,0.374921,2.338,0.87382,0.292871,0.304749,1.55186,0.0960979
0.285066,0.105524,0.229341,0.41402,0.134261,0.407887,2.50142,0.49444,0.105605,0.330572,1.6435,0.309186
0.351904,0.107851,0.222496,0.377674,0.143062,0.393568,2.53541,0.207703,0.161572,0.362515,1.64473,0.371495
0.201717,0.211157,0.22232,0.351423,0.127234,0.256662,2.59212,0.23292,0.174617,0.379866,1.61352,0.361422
0.163099,0.620516,0.146478,0.212535,0.0581455,0.0248763,2.23764,0.483013,0.0577073,0.369673,1.62412,0.438421
0.0962401,0.737805,0.212253,0.154286,0.0290879,0.0261691,2.11183,0.515892,0.00931484,0.518227,1.60289,0.382704
0.208852,0.870511,0.312399,0.154133,0.2283,0.0982365,1.98009,0.485267,0.0519008,0.170886,1.23785,0.291885
0.282571,0.721428,0.40703,0.25601,0.267773,0.101651,2.12612,0.576099,0.0220154,0.00373914,1.43252,0.0810743
0.551568,0.319146,0.680598,0.00345579,0.420183,0.0887758,2.30207,0.460216,0.193409,0.140244,1.53179,0.00728405
0.623007,0.439303,0.415732,0.00873624,0.252584,0.0391211,2.36692,0.287488,0.390452,0.548615,1.42764,0
0.487191,0.58542,0.0901352,0.150568,0.0103365,0.00440553,2.30733,0.123246,0.500642,0.667566,1.32969,0.109084
0.190031,0.590205,0.0718054,0.3529,0,0.0518285,2.17934,0.121983,0.288449,0.315498,1.32183,0.314558
0.103715,0.629553,0.0723831,0.396327,0,0.148446,2.26832,0.876633,0.0091526,0.438727,1.35995,0.284339
0.222917,0.55933,0.26102,0.174686,0.237856,0.145187,2.42835,1.13281,0.00244108,0.398521,1.40854,0.167794
0.366803,0.411894,0.466726,0.0310734,0.763041,0.198415,2.69933,0.676545,0,0.346246,1.37917,0.18483
0.400526,0.373137,0.759475,0.0134086,0.561098,0.0673687,2.91965,0.178592,0,0.393464,1.37315,0.461193
0.450279,0.264183,0.78165,0.284562,0.402535,0.0172487,3.03935,0.0655236,0,0.468139,1.16738,0.292645
0.402929,0.191733,0.609052,0.683617,0.197284,0.0155413,3.01458,0.229435,0.000170358,0.402314,1.52967,0.162134
0.307989,0.214907,0.591818,0.846883,0.0955926,0.0801792,2.60234,0.417478,0,0.307503,1.53126,0.0580942
0.201162,0.404463,0.16508,0.601272,0.0439989,0.563632,2.16588,0.922987,0.556117,0.261959,1.07023,0.0710326
0,0.917216,0.0273057,0.0704315,0.0680832,0.0541019,1.15754,0.608497,1.80774,0.641176,0.246982,0.111515
0.0960036,0.851601,0.0999894,0.0977849,0.0507263,0.0722345,1.17208,0.223644,1.87588,0.870312,0.109147,0.222607
0.146382,0.840084,0.0738311,0.161447,0.0937482,0.116623,1.18911,0.228216,1.88976,1.03586,0.128844,0.239816
0.161217,0.677682,0.0485223,0.187697,0.109799,0.192369,1.27771,0.279161,1.81199,1.23557,0.093364,0.207182
0.273753,0.644455,0.280552,0.169148,0.0931341,0.140045,1.15972,0.773959,1.53597,1.23298,0.081969,0.136845
0.15406,0.728163,0.654272,0.0642765,0.066888,0.192593,1.15449,1.04263,1.34747,0.462843,0.467071,0.166587
0.0578268,0.643139,0.972,0.016681,0.045385,0.154218,1.19357,0.868002,1.49739,0.101788,1.10192,0.08096
0.0542623,0.504259,0.819785,0.0727781,0.0347262,0.0473517,1.38162,0.722931,1.62844,0.128881,1.28094,0.0205086
0,0.260132,0.316997,0.0584055,0.0322101,0.01893,1.48279,0.676149,1.97445,0.354408,0.809084,0.273138
0.00920671,0.298565,0.0436577,0.0961636,0.0313972,0.485253,1.428,0.68591,1.92523,0.379552,0.611878,0.454003
0.0371038,0.632808,0.123207,0.0267962,0.258459,0.34147,1.49474,0.436276,1.68912,0.470573,0.724801,0.151055
0.106326,1.00436,0.24712,0.0192864,0.142665,0.0128463,1.67356,0.701521,1.40371,0.433207,0.780238,0.117034
0.11046,1.01085,0.198019,0.0138524,0.0746282,0.0601216,1.65976,1.0541,1.50451,0.381401,0.461159,0.0164469
0.220841,0.763464,0.203269,0.00587684,0.0411653,0.0863189,1.36842,1.03186,1.40086,0.405095,0.147625,0
0.456851,0.467661,0.305548,0.011144,0.0686983,0.256448,1.35733,0.921087,1.37256,0.174127,0.0954384,0.0117027
0.712433,0.586228,0.307321,0.24203,0.525399,0.146317,1.41807,0.90408,1.4868,0.00466815,0,0.0620929
0.634691,0.638742,0.0183132,0.135418,0.959042,0.243576,1.47918,1.0102,1.47848,0.214892,0,0.0283748
0.361532,0.934419,0.121027,0.0466976,1.35929,0.215771,1.36,0.889382,1.31271,0.587565,0,0.0999473
0.276817,0.982996,0.258973,0.0970048,1.52178,0.0342017,1.19696,0.374076,1.24739,0.606503,0.0177326,0.206167
0.221175,1.05949,0.474884,0.145964,1.22531,0.657373,1.02423,0.171075,1.44269,0.195401,0.0378378,0.287682
0.000199713,0.5225,0.276203,0,1.0691,1.80621,1.52494,0.114776,0.92642,0,0.081152,0.308174
0.000181996,0.140654,0.509373,0.581492,0.756785,2.22907,1.63559,0.0622321,0.387662,0,0.0102423,0.339955
0.0988409,0.00102442,0.46978,0.799775,0.520744,2.56615,1.42007,0.0504504,0.326744,0.0448162,0,0.464016
0.504952,0.00104636,0.428449,0.802617,0.376803,2.49868,1.3437,0.0826514,0.489969,0.100244,0.0350613,0.464777
0.680253,0.0358972,0.361957,0.85814,0.242774,1.86719,1.28903,0.171796,0.395802,0.122773,0.450982,0.200955
0.576741,0.0236707,0.328571,0.817441,0.347686,1.66071,1.17691,0.27129,0.0560465,0.151677,0.560242,0.273027
0.112306,0.238836,0.225416,0.534792,0.409793,1.70954,1.14076,0.753248,0.226834,0.0777087,0.268456,0.796154
0.0897831,0.688383,0.052723,0.756932,0.110525,1.92657,1.31486,1.03552,0.294714,0.00811408,0.0232147,0.845829
0.0722151,0.737905,0.0019346,0.387791,0.129563,2.39088,1.39048,0.871128,0.337242,0.00663628,0.16513,0.267724
0.133007,0.819343,0.0955072,0.11781,0.286166,2.64266,1.19679,0.534901,0.302776,0.495502,0.115547,0.280458
0.156408,1.24138,0.0163358,0.081032,0.261947,2.60495,1.10359,0.631035,0.295824,0.903707,0.0542844,0
0.137069,1.33041,0.153001,0.0756535,0.379186,2.18339,1.10357,0.853944,0.509344,0.6966,0.267999,0
0.128159,1.07015,0.572557,0.0983763,0.182856,2.00187,1.15391,0.781985,0.491049,0.159112,0.828934,0.00428845
0.145197,1.08072,0.741709,0.0794386,0.0347639,2.29296,1.17212,0.57071,0.493199,0.00544279,1.11697,0.077041
0.163269,0.660468,0.813736,0.0433026,0.424358,2.06623,1.15977,0.274661,0.7242,0.0256542,0.695187,0.554924
0.00411939,0.283309,0.570454,0.171884,0.472745,1.83554,1.0804,0.203964,0.97489,0.142732,0.014611,0.776573
0.000328233,0.438103,0.110272,0.441181,0.483826,1.77761,1.05889,0.312567,0.805073,0.336147,0.137127,0.404007
0.237113,0.806845,0.132965,0.415449,0.244888,1.7236,1.49458,0.292607,0.730279,0.44086,0.365157,0.419156
0.307439,1.11919,0.266781,0.0766421,0.0138703,1.59715,1.76601,0.19277,1.01489,0.705712,0.576235,0.309368
0.237314,0.895635,0.136057,0.0127935,0,1.53988,1.14087,0.775196,1.99969,0.983213,0.0304465,0.128316
0.154021,0.783771,0.300423,0.0164404,0,0.527375,1.13186,0.890862,1.95424,0.963482,0.0805577,0.0325511
0.0713732,0.720127,0.534208,0.199615,0.00129548,0.208019,1.14052,0.820824,2.12388,0.913229,0.0465789,0.0910535
0,0.673334,0.661853,0.159502,0.100861,0.23652,1.1177,0.783943,2.09857,0.794243,0.0607279,0.13938
0.0968321,0.61406,0.654306,0.041969,0.276098,0.172663,1.1145,0.673578,1.90084,0.399899,0.223589,0.153974
0.00773345,0.629818,0.748918,0.0980978,0.497663,0.137498,1.03849,0.766182,1.939,0.0180161,0.381039,0.156458
0.000348332,0.48456,0.71572,0.19981,0.318647,0.166284,1.11736,0.435156,1.87493,0.349179,0.362121,0.549778
0.000182894,0.493217,0.561424,0.119934,0.127073,0.233126,1.4607,0.218783,1.74171,0.706704,0.255927,0.561635
0.0518265,0.5151,0.246603,0.0136282,0.137687,0.436131,1.47467,0.336224,2.0005,0.767449,0.101165,0.322678
0.307582,0.652551,0.232155,0,0.165035,0.39113,1.30149,0.495778,2.02805,0.494268,0.1899,0.470928
0.391656,0.621776,0.242213,0.000186116,0.0795963,0.736361,1.20131,0.485804,1.73474,0.396439,0.163186,0.555518
0.274472,0.328937,0.353395,0.0186153,0.184514,1.25182,1.92901,0.527361,1.27394,0.515283,0.0906894,0.577494
0.283158,0.67698,0.26783,0.0976312,0.0985478,1.20053,2.5296,0.673624,0.844278,0.532198,0.0896977,0.471443
0.0623234,0.71107,0.136302,0.156586,0.0259937,1.0644,2.72681,0.866144,0.786717,0.411601,0.0560933,0.349054
0.102254,0.355201,0.0165046,0.186175,0.0204485,0.705949,2.73004,1.21161,0.852092,0.294724,0.00307746,0.209538
0.952041,0.00155557,0.171356,0.146811,0.0255195,0.409757,2.50351,0.733237,0.722556,0.141151,0.0144933,0.155651
1.07622,0.0752021,0.20662,0.214502,0.447745,0.21379,2.67024,0.52953,0.449315,0.174192,0.459277,0.0322765
0.410096,0.369317,0.146178,0.211631,0.844241,0.0725229,2.91972,0.200125,0.254943,0.191661,0.784466,0.116764
0.199313,0.139511,0,0.268691,0.77842,0.0660251,2.82228,0.0990086,0.478591,0.420837,1.04347,0.345296
0.197604,0.0623095,0.174867,0.512038,0.52402,0.261201,2.07211,0.147497,0.53583,0.79401,0.622765,1.34031
0.506005,0.0313312,0.532252,0.108489,0.34683,0.399743,1.46045,0.238848,0.691708,0.369833,0.278596,1.53066
0.474768,0.0832309,0.336862,0.27252,0.215284,0.331376,1.35154,0.0578038,0.727182,0.256063,1.75347,1.71014
0.30797,0.159261,0.140078,0.396742,0.0351655,0.326937,1.22603,0.0848466,0.459759,0.0682392,2.05253,1.78772
0.27953,0.176014,0.0392382,0.441087,0.0434024,0.222236,1.1444,0.0907801,0.318522,0.0175831,2.09999,1.73974
0.114698,0.222138,0.163667,0.376293,0.0386059,0.293109,0.981592,0.121898,0.221799,0.103815,2.03586,1.77381
0.0746289,0.29247,0.563275,0.0591941,0.244055,0.340093,0.839754,0.155312,0.116277,0.133205,1.65415,1.79753
0.0943753,0.335646,0.666084,0.0200765,0.684265,0.0422719,0.875549,0.354238,0.00355787,0.145345,1.45931,2.12418
0.138022,0.441085,0.730728,0.0596663,0.693728,0.190122,0.738678,0.268099,0.0957157,0.128586,1.69991,1.95365
0.108788,0.617178,0.756065,0.0679682,0.402438,0.303397,0.384507,0.0366468,0.120579,0.0945395,1.91587,1.62903
0.21294,0.925558,0.36977,0.14686,0.254285,0.270352,0.0921663,0.335115,0.16257,0.077678,1.86959,1.48324
0.254029,0.980104,0.239493,0.0773772,0.336972,0.0642794,0.288711,0.754747,0.233885,0.116344,1.62875,1.39438
0.198431,0.916734,0.219112,0.106868,0.40874,0.00238747,0.195168,0.91393,0.250833,0.0138736,1.86317,1.42992
0.469367,0.744257,0.403042,0.278676,0.195462,0.00469272,0.0439603,0.898713,0.2497,0,2.03531,1.52453
0.782247,0.858642,0.411234,0.0479711,0.230616,0.110782,0.0874413,0.8164,0.0927938,0.00197766,1.94511,1.67527
1.13845,0.878778,0.226461,0.340726,0.157767,0.108931,0.222889,0.561043,0.0407354,0.0288159,1.51286,1.74535
0.853912,1.10416,0.327687,0.35477,0.137842,0,0.798697,0.124219,0.0529977,0.0700805,1.41147,1.64329
0.221422,1.47611,0.55708,0.0729283,0.133362,0.0104494,0.580881,0.170622,0.0821033,0.113021,1.38858,1.55788
0.367389,1.5382,0.483754,0.0354122,0.149338,0.0715557,0.503559,0.286069,0.266862,0.0196238,1.36787,1.62066
0.804791,1.24747,0.47045,0.0357031,0.178431,0.366061,0.398304,0.235129,0.339693,0.0174167,1.34589,1.73015
0.811569,1.12527,0.182782,0.035452,0.280758,0.260685,0.351746,0.442844,0.836307,0.290393,1.34463,1.57542
0.134241,1.11531,0,0.14605,0.314544,0.00257023,0.224151,0.438099,2.0262,0.566217,0.741147,1.35079
0.000169551,1.04613,0.144232,0.102231,0.303708,0,0.313269,0.448786,2.2176,0.627841,0.172586,1.32371
0.000536666,1.05406,0.296157,0.0374931,0.172504,0.114521,0.200269,0.347972,2.20542,0.667906,0.104699,1.44774
0.00256593,0.958101,0.199926,0.0630064,0.165882,0.280608,0.203273,0.238033,2.11117,0.575012,0.195801,1.40878
0,0.936766,0.35843,0.0458283,0.206081,0.512853,0.306493,0.676615,1.8389,0.3103,0.179465,1.29411
0,1.14611,0.685652,0.0967639,0.190115,0.455361,0.161304,0.677273,1.66972,0.00639098,0.323198,1.42635
0.0809413,0.840026,0.743457,0,0.234684,0.217641,0.0923345,0.460491,1.73843,0.143424,0.695326,1.43129
0.151929,0.576979,0.707346,0.0488406,0.241644,0.202084,0.0155687,0.308051,1.80615,0.0663648,0.932845,1.51806
0.166142,0.510868,0.478769,0.113033,0.251414,0.523794,0,0.38568,1.7427,0.0291218,1.03739,1.71153
0.085947,0.70658,0.296888,0.126179,0.524796,0.92994,0.00788137,0.674996,1.44835,0.127472,0.856476,1.65203
0.000849255,1.00697,0.0780621,0.0683228,0.369537,1.04712,0.0604108,0.548589,1.23081,0.696956,0.423792,1.40521
0.00878789,1.22057,0.305722,0.00271161,0.336305,0.828444,0.393313,0.400398,1.19435,0.702862,0.365327,1.14943
0.156507,1.63774,0.457812,0.0444973,0.280226,0.337632,0.48908,0.736225,1.36271,0.245805,0.480179,1.14225
0.243171,1.83304,0.213794,0.121163,0.174424,0.0707651,0.453717,0.362406,1.46175,0.171452,0.399888,1.24314
0.314017,1.32224,0.237616,0.15304,0.508815,0.0272323,0.168691,0.0692069,1.44181,0.419344,0.261016,1.27154
0.321968,1.00003,0.366943,0.103879,0.842105,0.247589,0.205832,0.0105527,1.35455,0.63878,0.483851,1.28402
0.00259319,0.979343,0.421954,0.136463,0.70908,0.328359,0.128772,0.0751708,1.30247,0.762169,0.718029,1.5691
0.000105092,0.792713,0.201221,0.201854,0.509495,0.751705,0.0919331,0.252734,1.25859,0.834362,0.841539,1.80249
0.00974127,0.882816,0.00114432,0.256859,0.56339,0.771759,0.074836,0.489472,1.19473,0.603118,0.932115,1.6995
0.000229127,0.363189,0.0568715,0.140857,0.849732,1.72465,0.0468726,0.161236,1.22829,0.000206551,1.17836,1.31513
0,0.13431,0.0948568,0.122465,0.732281,2.28999,0.444175,0.173867,0.942938,2.52234e-06,1.40421,1.3043
0,0.424477,0.134146,0.0261604,0.426722,2.41641,0.491249,0.153132,0.529749,0.0242993,1.70109,1.36035
0,0.611709,0.116733,0.187671,0.269428,2.25614,0.560313,0.162796,0.242953,0.128973,1.71135,1.36052
0,0.756055,0.0634001,0.261165,0.326973,1.84482,0.675751,0.175909,0.000922249,0.0874653,1.69872,1.13011
0,0.713956,0.0899445,0.260998,0.346462,1.64788,0.497234,0.221931,0.0194257,0.339622,1.6169,0.953609
0,0.614314,0.215698,0.154125,0.378335,2.04594,0.310049,0.375754,0.480239,0.501746,1.14264,1.18568
8.54595e-05,1.08686,0,0.316131,0.21858,2.04209,0.344142,0.59486,0.435588,0.472945,0.954473,1.10991
0.0218134,1.62987,0,0.382861,0.317415,2.18271,0.433768,0.595858,0.243074,0.0640764,1.09411,1.0317
0.116902,1.61228,0.192115,0.121484,0.336586,2.45531,0.318878,0.288684,0.520323,0.000604558,1.50362,1.07271
0.198478,1.19984,0.477563,0.00920675,0.262547,2.59541,0.232055,0.0501657,0.503164,0,1.48133,1.2444
0.0316298,0.88145,0.288381,0.167996,0.262281,2.49902,0.176952,0.291436,0.34132,0.0610205,1.27559,1.46747
0.000625354,0.63689,0.116344,0.229036,0.21345,2.34319,0.141507,0.738635,0.402984,0.166263,1.25214,1.69473
0.183944,0.723083,0.16528,0.0982846,0.705711,1.71095,0.0950628,0.772468,0.320463,0.185797,1.8623,1.53998
0.240657,0.830364,0.17829,0.00687746,0.816517,1.64892,0.243455,0.541084,0.325913,0.173674,2.26427,1.38742
0.150508,0.85821,0.352497,0.00558193,0.691613,1.96814,0.36095,0.679246,0.599657,0.326535,2.27483,1.15292
0.000396917,0.860597,0.249412,0,0.400701,2.05796,0.24544,0.974282,0.976314,0.49286,2.11481,1.09925
0.00350641,0.86171,0.193687,0,0.252124,1.82511,0.128168,0.878618,1.19463,0.581643,1.90787,0.993172
0,1.06685,0.154916,0,0.30337,1.98749,0.110819,0.377461,1.40876,0.438138,1.6023,1.29662
0.000164484,1.20377,0.00151657,0.10597,0.403452,2.09783,0.2084,0.470159,1.462,0,1.31759,1.28249
0.000288696,1.29655,0.0549125,0.10905,0.486184,1.34352,0.582504,0.279923,1.72676,0.20689,0.740456,1.41745
0.000519733,1.53756,0.0432783,0.0952159,0.495373,0.680231,0.544747,0.239863,1.71258,0.465227,0.328573,1.39135
0.0005221,1.77868,0.00575822,0.0755558,0.441606,0.335736,0.543494,0.265863,1.76375,0.536303,0.332877,1.45518
0.000469682,1.56218,0.0516337,0.00615419,0.246866,0.150494,0.454767,0.246483,1.63661,0.92651,0.308912,1.46937
0.00051384,1.14017,0.110578,0,0.274507,0.149008,0.415243,0.902341,1.37088,0.97587,0.357422,1.43908
0.000357005,0.788053,0.119888,0.0055229,0.163452,0.120382,0.136011,1.41246,1.66216,0.26206,0.370502,1.3126
0.000413622,0.321221,0.176353,0.0477082,0.1323,0.145533,0.0273798,1.53467,1.85318,0.208662,0.302898,1.55107
0.000194582,0.220915,0.112103,0.0476761,0.286972,0.231197,0.228223,1.3599,1.81793,0.154054,0.256885,1.5494
0.000153229,0.196073,0,0.0262785,0.27679,0.466374,0.131387,1.27694,1.92822,0.0682101,0.146269,1.81426
6.85461e-05,0.0221483,0.0768475,0.0552375,0.228039,1.10853,0.0409127,1.39358,1.94491,0.0521953,0.0886017,2.02187
0.000133545,0.175405,0.567264,0.0992199,0.350642,0.958061,0.0696832,0.851328,1.77441,0,0.3363,1.96908
0.000249081,0.446991,0.728333,0.0303955,0.205497,1.02972,0.557591,0.834084,1.28001,0,0.522831,1.77507
9.37627e-05,0.616512,0.612137,0.0190988,0.310954,1.06334,0.695193,0.99478,0.865039,0,0.195188,1.8308
0.0555682,0.560224,0.468672,0.159666,0.338634,1.0211,0.880744,1.34747,0.529522,0.00753782,0.0273943,1.71806
0.11497,0.300486,0.165806,0.195117,0.155128,0.6817,0.984958,1.18459,0.409396,0.0289053,0.132888,1.66326
0.534348,0.0171399,0.0900466,0.153402,0.0995718,0.384976,1.14457,0.827494,0.359027,0.0287199,0.157439,1.67731
0.574802,0.0191351,0.060257,0.200396,0.182473,0.314205,1.24762,0.949997,0.273016,0.0459945,0.31104,1.54656
1.04011,0.396143,0.66802,0.145535,0.031115,0.244603,1.22877,0.842544,0.233677,0.00642326,0.308134,1.38827
1.06339,0.976679,1.05659,0.0256326,0.185612,0.396861,0.844906,0.0537284,0.278173,0.00696316,0.375917,1.44944
0.667739,2.0423,0.826298,0.314815,0.0641957,0.0334611,1.24361,0.0295679,0.0279983,0.163054,0.298679,1.32642
0.461004,1.94173,1.06479,1.23472,0.0281095,0.00159344,1.73241,0.0105008,0.149021,0.25369,0.132068,0.611941
0.303485,1.938,1.02255,1.53684,0.0663402,0,1.40775,0.0116295,0.181601,0.356239,0.214955,0.307802
0.0841085,1.89789,0.92322,1.69468,0.0650454,0.121144,0.85123,0.157635,0.121974,0.419812,0.246479,0.0754884
0.0449449,1.60394,0.810782,1.85795,0.0254293,0.632694,0.303304,0.625054,0,0.402442,0.150362,0.080422
0.1186,1.83749,0.356048,1.90324,0.00677763,0.627048,0.91423,0.426798,0.141662,0.297772,0.0601076,0.0582134
0.0227234,2.26491,0.176606,1.79341,0.0152552,0.250859,1.42035,0.143482,0.501287,0.0988986,0.0573385,0.00609712
0,2.38492,0.000313569,1.73969,0.00721697,0,1.70054,0.0341258,0.841676,0.0210942,0.0491439,0
0,2.12201,0,1.82287,0.0550722,0.00675264,1.67981,0.0132005,0.943328,0.165194,0.111375,0
0.0465756,1.80783,0.00183665,1.87788,0.0678548,0.00596712,1.60183,0,1.15002,0.437736,0.00632985,0.000146903
0.0288956,1.76759,0.0189865,1.88815,0.0309386,0.00234043,2.23724,0,1.38504,0.274235,0.00575543,0.000244233
0.0263601,2.08228,0.0365889,1.56373,0.043355,0.063994,2.64656,0,1.61832,0.0347467,0.0292638,0.0255044
0.126073,2.0336,0.0205547,1.24695,0.0017312,0.0967989,2.9485,0.029853,1.40336,0.0496148,0.0353561,0.13584
0.0430769,2.10365,0.0212393,1.29483,0.0249155,0.0313874,2.94455,0.121518,1.37616,0.0240731,0.0379649,0.0882647
0,2.2467,0,1.25161,0.0286217,0.00570471,2.9538,0.0735529,1.43137,0.0142322,0.0510001,0.0935976
0,2.2944,0.00694279,1.23496,0.0305293,0.000718731,2.73488,0.00142541,1.58354,0.0107557,0.0815006,0.470252
0,2.2424,0.0133313,1.28557,0.0249192,0.000859334,2.66366,0,1.61531,0.0520798,0.0563028,0.606708
0,2.15571,0.0115576,1.29527,0.00457625,0.0145976,2.7437,0,1.56822,0.185853,0.0270926,0.548038
0.000167067,2.03874,0,1.26958,0.00135988,0.0264244,3.04749,0.0217342,1.44943,0.315897,0.00576985,0.197463
0.381251,2.21469,0.00143267,1.30742,0,0.0252104,3.20921,0.0346353,1.27559,0.311225,0.00992229,0
0.207852,2.70626,0.00260739,1.15025,0,0.0152275,3.22516,0.0143457,1.06117,0.409075,0.0340539,4.68962e-05
0.0218123,2.75997,0.0189625,0.97775,0.00462809,0.0108535,3.04228,0.00545763,0.860243,0.438218,0.0528787,0.0336255
0.00110562,2.88783,0.014338,0.847428,0.0102361,0.0182655,2.9616,0.130421,0.7507,0.381234,0.0943782,0.0484648
0.00424988,2.95985,0.00932494,0.701252,0.49717,0.0899092,2.8494,0.144961,0.697216,0.173608,0.240427,0.100274
0.051994,2.66858,0,0.751944,0.862309,0.0452038,2.72343,0.0296779,0.759095,0.0706536,0.395074,0.285939
0.224251,2.39178,0,0.753008,0.863356,0.0264999,2.61766,0.0060985,1.0163,0.0430308,0.464484,0
0.19339,2.43276,0,0.567342,0.747307,0.0170429,2.6562,0,1.17817,0.00843637,0.546396,0
0.0937953,2.46603,0,0.593491,0.442297,0.197035,2.79015,0.0593283,1.08242,0.0495436,0.520167,0
0.0348794,2.54036,8.43081e-05,0.444331,0.212229,0.214833,2.92458,0.0629583,0.817644,0.0626852,0.337291,0.00437779
0,2.78397,0.00214617,0.565125,0.217597,0.322318,2.72145,0,0.863856,0.000252926,0.554054,0.0562659
0,2.78959,0.000590397,0.845176,0.0982122,0.787246,2.38327,0,0.961059,0.0568597,1.14056,0.0645609
0,3.02092,0,0.921428,0.0398276,1.32143,1.90618,0,0.814565,0.103715,1.2696,0.0862465
0.000235718,3.14583,0,0.711575,0.0620602,1.56091,1.96931,0,0.686305,0.163794,1.14441,0.0450092
0.000353882,3.32536,0.000409873,0.543363,0,1.5622,2.04246,0.0095103,0.656366,0.136512,0.780397,0.0336563
0.000254871,3.37428,0.000755245,0.421348,0.00622941,1.16849,2.13408,0,0.79005,0.0186801,0.660898,0.0029491
0,3.31926,0.00233987,0.385356,0.0288092,1.00358,1.8763,0,1.11695,0.0402071,0.708036,0.000287965
0,2.97708,0.005012,0.168706,0,1.09559,1.93323,0,1.33898,0,0.483286,0.000137745
0,2.83156,0.00295524,0.173412,0,1.18388,2.02056,0.0261456,1.23441,0.00687546,0.412892,2.45976e-05
0,3.2459,0.000352322,0.163798,0.0020486,1.19724,2.04479,0,0.412409,0.0357637,0.492044,0.0161482
0,3.3552,0,0.277279,0.019181,0.942008,2.09008,0.12363,0.340178,0.0867614,0.856866,0.16626
0.000362084,2.83021,0,0.386573,0.161913,0.764005,2.08717,0.0187162,0.389734,0.0610765,0.895559,0.843568
0.0074531,2.13424,0,0.999593,0.375189,0.703565,2.13239,0,0.447617,0.0488452,0.7839,1.0588
0.0352772,1.31207,0.0230191,1.20826,1.0089,0.563694,1.91056,0,0.604826,0,0.481826,1.14631
0.103529,1.3138,0.0582478,1.19218,1.19521,0.523572,1.38207,0,0.623007,0,0.174083,1.27178
0.297961,1.21598,0.0748486,1.12713,1.11812,0.380015,1.25943,0,0.620883,0,0.163415,1.40004
0.257813,1.22598,0.111332,1.13024,1.06877,0.351183,1.31025,0,0.669443,0,0.191504,1.45379
0.175482,1.49419,0.0381617,1.11122,0.808551,0.302451,1.26348,0,0.604147,0.0381089,0.0567991,1.98479
0.141369,2.02249,0,1.11998,0.462128,0.11268,1.47997,0,0.369135,0.0535128,0.00317799,2.19546
0.0547143,2.22808,9.24653e-06,1.10971,0.24773,0.133383,1.62564,0,0.254902,0.0123789,0.00408561,2.47561
0.0798313,2.38022,0,1.30361,0.133846,0.201617,1.79162,0,0.311784,0.00432187,0.00488052,2.56098
0.0164409,2.6049,0.00180003,1.3317,0.0958749,0.294553,1.60935,0,0.425773,0.0012309,0.00523708,2.48173
0,2.68578,0.154447,1.29903,0.010278,0.205225,1.64256,0,0.379327,0.0105768,0.0254375,2.37083
0,2.65601,0.223395,1.3175,0.0267993,0.0816837,1.90375,0,0.343678,0.0825707,0.00436314,2.13908
0,2.75045,0.138049,1.28336,0.00675528,0.0725734,1.93106,0.0153591,0.135387,0.0419362,0.0043849,2.0818
0,2.79743,0.0957934,1.25998,0.0040716,0.0680608,1.79557,0.0987386,0.122936,0.00125299,0.00539613,2.17355
0.0112528,2.86665,0.115615,1.22912,0.0100921,0.0595331,1.40629,0.0351953,0.167933,0.00167444,0.00576105,2.37073
0.0010831,2.69008,0.187711,1.16113,0.00539955,0.0649544,1.29948,0.0204763,0.306779,0.00173168,0.00620493,2.67367
8.90844e-05,2.5739,0.149644,1.07098,0.0165792,0.0751857,1.38231,0.000104376,0.324097,0.036688,0.00653704,2.72008
0.00784713,2.54404,0.0950511,1.09107,0.0204135,0.0817346,1.48659,0,0.241834,0.076486,0.00555312,2.67244
0,2.40373,0.0152118,1.05123,0.0225643,0.0862225,1.52895,0,0.296466,0.0254606,0.00322306,2.84275
0,2.19051,0.00142423,1.00163,0.0198106,0.0755119,1.58328,0.0464577,0.32255,0.00203086,0.00170252,2.91014
0,2.11899,0,1.15117,0.0216269,0.132558,1.64286,0.0645156,0.290834,0.00148618,0.0025215,2.91974
0,2.23027,0,1.24909,0.0153769,0.0948968,1.6659,0.0679547,0.248522,0.000748474,0.00322426,3.01061
0,2.18657,0.000312203,1.17596,0,0.0811355,1.58448,0.0360275,0.197878,0.00050126,0.00257859,3.2006
0,2.12598,0.00337081,1.09093,0,0.0525371,1.50782,0.0442394,0.152997,0.00153859,0.00924359,3.24342
0.000214048,2.17033,0.00265382,1.13556,0,0.0373082,1.52514,0.0182678,0.089257,0.0772453,0.00822719,3.05377
0.000472812,1.92449,0,1.13383,0,0.163532,1.48056,0,0.267594,0.0883557,0,3.11768
0.000322895,1.6796,0.00138082,1.08234,0.00651671,0.192438,1.604,0,0.308687,0.000978727,1.07304e-05,3.21281
0.0678823,1.88847,0.00293162,1.05761,0.0156862,0.247641,1.66058,0,0.231409,0.00146972,0.0107074,3.15518
0,2.29181,0.00320653,1.07066,0.00653828,0.216578,1.66777,0,0.262159,0.00116234,0.120136,3.10136
0.00380842,2.47829,0.00246161,1.16271,0,0.181421,1.70254,0.00253581,0.281665,0.0552783,0.138707,2.94005
0.00529848,2.56036,0.00179404,1.15966,0.184544,0.166889,1.7309,0.0827099,0.279482,0.0684403,0.134271,2.58541
9.65684e-05,2.54558,0.0010309,1.16519,0.41115,0.0856447,1.76813,0.0773985,0.200742,0.0729233,0.138388,2.40411
0.000401448,2.52866,0.000417549,1.12299,0.54072,0.0669181,1.81604,0,0.177871,0.00480628,0.0841356,2.467
0.000396193,2.60709,0,1.20012,0.284233,0.0507349,1.85683,0.0240584,0.0420391,0.0024785,0.00274255,2.34322
0.000269697,2.66715,0.000956956,1.24344,0.131395,0.0263696,1.874,0.0277969,0.0108273,0.00331263,0.00113059,2.22015
0,2.775,0.0030441,1.13761,0.0729812,0.030453,1.76831,0.00204415,0.0263739,0.00311606,0.0512869,2.4458
0,2.75053,0.000444443,1.19759,0.00261479,0.0596417,1.62528,0.00291758,0.00803124,0.10684,0.0767243,2.8253
0,2.95177,0.213044,1.02105,0.00295799,0.0331478,1.68251,0.0454093,0.0182579,0.000228222,0.026715,2.46413
0.101085,2.90802,0.487658,1.28631,0.0185869,0.033573,1.95645,0,0.0117846,0.0545095,0.0215173,1.28191
0.0863031,2.69855,0.571554,1.52242,0.00544088,0.0622802,1.83227,0,0.071153,0.143291,0.0430117,0.896188
0.116689,2.4418,0.626301,1.66316,0,0.0790341,1.56322,0,0.083156,0.25593,0,0.73868
0.123533,2.18408,0.720591,1.79704,0.00613625,0.0636593,1.33949,0.011286,0.0891386,0.342862,0,0.645374
0.0764553,1.68507,0.690123,1.91868,0.014594,0.0347919,1.17391,0.0189056,0.0879165,0.391153,0.0074808,0.551705
0.0399047,1.69283,0.635311,1.8322,0.0205285,0.13126,1.07399,0.0124008,0.098213,0.269482,0.0222852,0.437364
0.0456748,1.75031,0.456956,1.68088,0.0152748,0.251515,1.19753,0.0768023,0.360611,0.0690961,0.027591,0.487429
0.0938732,1.89032,0.374903,1.61083,0.0326239,0.0609354,1.21362,0,0.743129,0.0212809,0.0705202,0.676138
0.0378731,2.10465,0.257249,1.58906,0.0398564,0.0369506,1.06051,0,1.25197,0.0360143,0.193968,0.79991
0.0912304,2.001,0.108807,1.6122,0.0261471,0.0308524,1.25452,0,1.39387,0.0333316,0.30244,0.905764
0.000240304,1.71467,0.0311188,1.67875,0.011101,0.148486,2.28959,0,1.30495,0.0482381,0.338582,0.858074
0.102172,1.74458,0.0221672,1.37571,0.0140862,0.282999,2.6624,0,1.0766,0.0543608,0.314232,0.771979
0.0358275,2.26663,0.0105143,1.15591,0.0222545,0.317348,2.84159,0,0.884049,0.0463488,0.168411,0.607114
0,2.42831,0,1.15478,0.0333493,0.121967,2.92109,0.0617998,0.955643,0.0115213,0.121632,0.398706
0,2.41109,0.00896793,1.1478,0.0308643,0.0273464,2.97482,0.0162777,1.07191,0.018982,0.183495,0.405335
0,2.34188,0.137847,1.14056,0.00575202,0.0495079,2.85075,0,1.08976,0.332231,0.150386,0.65277
0,2.33701,0.150085,1.33763,0,0.0617754,2.80451,0,0.951698,0.467265,0.113571,0.770367
0,2.30465,0.0398013,1.48967,0,0.0561399,2.85913,0,0.829619,0.486775,0.165638,0.793838
0,2.26222,0,1.50531,0.00401257,0.0690523,2.99681,0.00454518,0.86062,0.238332,0.210102,0.3897
0.309237,2.51448,0.00200435,1.46392,0.00153719,0.085335,3.05845,0,0.757002,0.254135,0.171262,0.149423
0.191106,2.80019,0.00316336,1.56706,0,0.122279,2.98388,0,0.474226,0.385489,0.103877,0.105682
0.100197,2.74811,0.00298098,1.31157,0,0.159349,2.76857,0.212107,0.442029,0.311332,0.205581,0.567867
0,2.71906,0.0182255,0.932119,0.00624343,0.164862,2.72139,0.368433,0.594988,0.140862,0.361936,0.921238
0,2.77746,0,0.753773,0.0229817,0.209471,2.54433,0.172139,0.741202,0.0921948,0.611453,0.765379
0.278229,2.85043,0,0.594413,0.212955,0.258916,2.14864,0.0143555,0.903522,0.0682352,0.721316,0.263564
0.40737,2.89605,0,0.628822,0.308365,0.289751,1.92571,0,1.13984,0.0311462,0.814723,0.000149311
0.291374,2.8811,0,0.81912,0.0225929,0.338209,2.37222,0.052973,1.17516,0,0.580237,0.000102647
0,3.03398,0,1.57885,0.00500618,0.311942,2.76626,0.0744806,0.70723,0,0.584805,6.72133e-05
0,2.92783,0.000546535,2.04775,0.0137534,0.0496131,2.94712,0.0639741,0.235407,0,1.21142,8.23475e-05
0.000123872,2.95723,0.001672,1.9269,0.0179642,0.0565151,2.87101,0.0145182,0.316379,0,1.58338,8.2765e-05
0.000223211,2.94977,0.00196311,1.8458,0.00990701,0.764716,2.30828,0,0.446807,0.348588,1.54652,7.41535e-05
0.000280979,2.75187,0.00167894,1.74163,0.0176562,0.981978,2.04115,0,0.504554,0.42615,1.2409,5.1388e-05
0.00048117,2.83243,0.00139591,1.77506,0,0.958499,2.18726,0,0.40722,0.292027,1.0586,0.0665714
0.000442374,3.0718,0.00121446,1.49649,0,1.03358,2.16608,0,0.353919,0.0666838,0.938693,0.0437848
0,3.45561,0.000902906,1.23837,0,1.14826,1.84208,0,0.292387,0,0.80191,0.187471
0,3.62327,0.00201431,0.909791,0.0257158,1.30505,1.56156,0,0.393064,0,0.738102,0.205159
0,3.59336,0.00241924,0.73355,0.023914,1.30831,1.57654,0,0.532467,0.0031944,0.962187,8.55914e-05
0,3.46833,0.00236567,0.975086,0.00670724,1.14472,1.70373,0,0.48924,0.0402479,1.33479,6.33847e-05
2.4289e-05,3.55944,0.00170195,1.28626,0,1.18155,1.62863,0,0.381707,0.0670763,1.44718,0.189716
0.000122531,3.18253,0.00197695,1.13045,0.188524,1.23803,1.45941,0,0.363498,0,1.45834,0.886344
0.000137652,2.6862,0.00215816,1.45524,0.260033,1.1134,1.39138,0,0.371901,0,1.38237,1.12888
0.000129941,2.56935,0.00312101,1.7641,0.27372,0.888906,1.30956,0.00300048,0.351057,0,1.35606,1.24352
7.52847e-05,2.72405,0.00402044,1.8945,0.23522,0.790408,1.23334,0,0.451353,0,1.00099,1.42031
0,2.68214,0.00350788,1.94888,0.108205,0.819255,1.05017,0,0.51538,0,0.671523,1.66525
0.0594533,2.5336,0.00147958,1.95991,0.0530094,0.746858,0.891745,0,0.659977,0,0.567947,1.73985
0.00050888,2.63358,0,1.82589,0.239302,0.863902,0.96138,0.0018886,0.816634,0,0.450318,1.42575
0.000318779,2.86102,0.00235016,1.57702,0.340257,0.492853,1.21104,0.00198008,0.74133,0.0220418,0.130688,1.4041
0.102827,2.92156,0.00149874,1.55572,0.0769197,0.451743,1.18397,0.000504033,0.537538,0.0498215,0.0184127,1.84155
0.127785,2.8328,0.000370484,1.80586,0.0288046,0.435415,1.17397,0,0.381746,0.00646301,0.00307564,2.00445
0.0936996,2.81669,0,1.74693,0.0386556,0.401868,0.846752,0,0.273045,0,0.295956,2.095
1.47785e-06,2.7657,0.0327249,1.65483,0.0408221,0.410368,0.833164,0,0.171513,0,0.349968,2.21313
0.000134381,2.87044,0.215502,1.60991,0.0455729,0.497943,0.776535,0,0.253454,0,0.162069,2.31349
0.000306716,2.89021,0.271717,1.58486,0.032448,0.464747,0.687369,0,0.312806,0.040615,0.153158,2.39841
0.000460825,2.95506,0.242204,1.68397,0.0275704,0.411384,0.742123,0.00515024,0.267256,0.0486801,0.201205,2.38381
0.000251826,2.96358,0.185021,1.58584,0,0.216216,0.808215,0.00899022,0.308539,0.0580519,0.16073,2.38472
0,2.92129,0.188035,1.47286,0,0.123585,1.0417,0.00711172,0.422838,0,0.0927814,2.36821
0,2.83575,0.138563,1.50886,0.0219095,0.13369,1.27091,0.0436128,0.309108,0,0.119654,2.3441
0.000283454,2.76876,0.161144,1.5203,0,0.198376,1.35544,0.0245157,0.158935,0,0.2146,2.53509
0.000377705,2.85932,0.146957,1.32713,0,0.246541,1.37072,0.069841,0.110763,0.0542827,0.235714,2.55506
0.000406245,3.07863,0.0665473,0.633777,0,0.175306,1.72588,0.165891,0.260677,0.0956588,0.208593,2.2133
0.000295342,3.13315,0.0788607,0.381017,0.00259209,0.121157,1.84991,0.167819,0.290097,0.0564351,0.195089,1.99809
6.26066e-05,3.3132,0.0912352,0.269865,0,0.168982,1.79212,0.262405,0.248564,0.0166679,0.185004,1.91491
9.45869e-05,3.45574,0.0908088,0.262604,0.00551412,0.316118,1.76501,0.185046,0.167827,0.0203165,0.179045,1.76799
0.000261947,3.4058,0.0557018,0.198547,0,0.344021,1.78815,0.0547382,0.0828844,0.0552212,0.202087,1.74349
0.000215277,3.39471,0.00286674,0.15581,0.0517091,0.262067,1.75981,0.213484,0.220381,4.39959e-05,0.310914,1.7212
0,3.40834,0.00150034,0.117026,0.295284,0.195995,1.71268,0.458511,0.157378,0.0123137,0.330422,1.55066
0.0253295,3.36845,0.000105035,0.0329673,0.271399,0.285555,1.81861,0.279375,0.0239133,0.0674604,0.263353,1.41244
0,3.25039,0,0.0170588,0.205045,0.346532,1.85903,0,0.0663602,0.116011,0.110211,1.58534
0.0191226,3.20505,0.00233222,0.0183013,0.128997,0.360785,1.75498,0.285192,0.127952,0.060862,0,1.72177
0.0195811,3.19679,0.00480482,0.0170511,0.0434447,0.326169,1.69573,0.375119,0.124914,0.00526905,0.00471576,1.9076
0,3.30713,0.00532613,0.373599,0.00307792,0.237244,1.72065,0.291001,0.0817096,0.00139807,0.0352974,2.17002
0,3.09131,0.0319958,0.817754,0.0322851,0.309407,1.59553,0.0441926,0.102329,0.00146958,0.0937393,2.48804
0,3.0877,0.00375814,0.822869,0.437906,0.120763,1.65314,0.0540703,0.189398,0.00124009,0.10743,2.13649
0,3.09024,0.00107522,0.848725,0.422684,0.129199,1.72475,0,0.21264,0.0910266,0.0850396,2.04739
0.00381327,3.22352,0.000913203,0.69794,0.170316,0.245361,1.92722,0.0671375,0.187495,0.00897508,0,2.02001
0.00342728,3.24817,0,0.429649,0.087643,0.570562,2.0554,0.00444101,0.281824,0.00358558,0,1.94758
0,2.89888,0,0.22401,0.0534977,0.660696,2.72094,0,0.31475,0.00237299,0,2.03757
8.66696e-05,2.43022,0.793572,0.290089,0.0548259,0.519409,2.38191,0.0274511,0.370045,0.120657,0,1.578
0.244112,0.53151,1.50716,0.557693,0.0591367,0.612681,1.15489,0.0249743,0.809921,0.325842,0.741879,1.03881
0.0455996,0.515364,1.37145,0.537819,0.117092,0.583233,0.894839,0.0394294,0.796721,0.392439,1.32716,0.901881
0,0.402375,1.3237,0.622536,0.095031,0.545236,1.25373,0.0370553,0.763681,0.449337,1.44477,0.729448
0,0.24418,1.18785,0.686858,0.135071,0.343448,1.83903,0.042226,0.698398,0.512021,1.54304,0.261507
0.0275594,0.331818,0.90861,0.413899,0,0.232008,2.03404,0.0514911,0.57243,0.508221,1.67169,0.0776932
0.0117785,0.666137,0.511364,0.229537,0.203578,0.0178272,2.05321,0.367398,0.181416,0.108009,1.54703,0.573174
0,0.590831,0.735833,0.294465,0.234473,0.0357624,2.07488,0.201409,0.171298,0.0452042,1.56127,0.520065
0.0438715,0.273941,0.763891,0.251304,0,0.0339084,2.41974,0.0792797,0.180641,0,1.62372,0.121083
0.0551095,0.412447,0.805459,0.234081,0,0.0235711,2.46516,0.0816388,0.0313487,0,1.62106,0.110544
0.0444725,0.289858,0.601641,0.231622,0.245825,0.00844987,2.3493,0.451541,0.0436613,0.0730189,1.65476,0.0489959
0.141925,0.0787349,0.546659,0.532087,0.452792,0.00965691,2.1608,0.482416,0.045023,0.0939114,1.54452,0.10712
0.189867,0.0204446,0.609769,0.706124,0.380757,0.0116539,2.13524,0.450525,0.15734,0.11394,1.47411,0.175065
0.4351,0.0857094,0.5583,0.753676,0.0420295,0.00507959,2.41512,0.123842,0.438453,0.209299,1.39663,0.080506
0.477067,0.288317,0.560476,0.420509,0.230649,0.00717914,2.75441,0.181099,0.306608,0.333435,1.26463,0.00440429
0.365721,0.447996,0.570061,0.152116,0.522836,0.0242947,2.8583,0.159261,0.183606,0.342429,1.05247,0.0097132
0.288382,0.650833,0.462995,0.299376,0.712831,0.0387992,2.75401,0.0833321,0.28001,0.283696,1.05032,0.0215071
0.23291,0.441848,0.503422,0.416521,0.648183,0.0409631,2.5355,0.0358559,0.398376,0.117076,1.04186,0.0860236
0.0484614,0.107716,1.09842,0.742801,0.253268,0.0479667,2.15786,0.0764378,0.855902,0.058005,0.994039,0.194029
0.0397796,0.165555,1.44431,1.00203,0.438702,0.0196861,1.50144,0.0803885,1.23768,0,0.738796,0.457385
0.0596084,0.327568,1.2243,1.05089,0.553916,0.283963,1.02505,0.452464,2.04621,0,0.263372,0.736533
0.192,0.0789283,0.745789,1.08856,0.323385,0.38081,1.4193,0.390805,2.25511,0.000554641,0.0542508,0.558717
0.771061,0.552592,0.122048,1.0783,0.0164361,0.155062,1.635,0.277655,2.19421,0.000496151,0.0762304,0.358821
0.496075,1.76853,0.0585634,0.470956,0.0197389,0.071435,1.41075,0.305393,2.19513,0.104701,0.113261,0.201539
0.24654,2.61659,0.021213,0.0558326,0.0171944,0.251259,0.962347,0.319571,2.11003,0.1147,0.183194,0.187315
0.38986,2.86802,0.0475788,0.00466149,0.088879,0.370743,0.897445,0.0881217,2.03713,0.0219713,0.10491,0.176126
0.660312,2.4409,0.130144,0.00656901,0.020503,0.254175,0.925448,0.217177,2.23334,0.0510597,0.107364,0.106438
0.752756,0.736099,0.193661,0.217901,0.0229288,0,1.22791,0.594645,2.11717,0.118678,0.85775,0
0.286441,0.125184,0.0956722,2.8819,0.136561,0,1.08086,0.160814,1.62089,0.0818022,0.988213,0.0100755
0.0635884,0.160052,0.287292,3.40352,0.0654191,0.0093771,0.91184,0.123045,1.59541,0.0678282,0.762223,0
0.0819127,0.16318,0.245186,3.51516,0.0105564,0,0.78728,0.175294,1.56603,0.0111257,0.758861,0.0722819
0.00053739,0.156545,0.137357,3.54876,0.00436843,0,0.939234,0.26393,1.60099,0.00997278,0.73694,0.0276126
0.000226836,0.136901,0.12714,3.60933,0.0143301,0,1.08467,0.308742,1.58054,0.0561105,0.653488,0
0,0.0916855,0.172943,3.62669,0.033187,0.00186354,1.07726,0.343321,1.53707,0.0687029,0.697253,0
0,0.0413258,0.271364,3.54333,0.0199814,0,1.08756,0.358214,1.5298,0.0731586,0.72568,0
0.469807,0.161037,0.164824,2.6923,0.127509,0,2.60746,0.252,0.699539,0.0942508,0.448476,0.0430758
0.879967,0.751085,0.00708741,1.22168,0.0931723,0,3.66898,0,0.0308722,0.0733709,0.415565,6.83285e-05
0.705763,0.61268,0.00358462,0.491195,0.0370136,0.00434912,3.88741,0,0.0223236,0.0676605,0.00135042,0.0462089
0.747814,0.608272,0.00154559,0.238667,0.0405137,0.0247021,3.92833,0,0.0669804,0.0727282,0.0117528,0.0384595
1.11485,0.697117,0.00173803,0.0727459,0.0554255,0.0263666,3.80831,0,0.157191,0.0923911,0.059229,0.0200612
1.07105,0.719235,0.288455,0.136357,0.0292771,0.0191528,3.54662,0,0.252562,0.107349,0.267176,0.0312782
0.388531,0.558165,0.298846,1.1604,0,0.492593,2.32446,0,1.67574,0.0664725,0.0584802,0.504485
0.0913901,0.0163318,0.490404,0.983387,0,1.31895,0.918188,0.031749,2.77808,0.0285939,0.0157696,0.43663
0.0451537,0.00119105,0.419613,0.534449,0,1.35657,0.771286,0.0830139,3.00044,0.0119708,0,0.494005
0.175113,0,0.129881,0.548084,0,1.31492,0.683434,0.0659866,3.06346,0.0117033,0.0881741,0.422174
0.229381,0.103716,0,0.719834,0,1.31348,0.990123,0.0306286,3.11411,0.00980023,0.136677,0.0810923
0.133227,0.434813,0.000854043,0.68398,0,1.28968,1.03015,0.0181501,3.08981,0.0306902,0.0954866,0.10484
0.173926,0.628907,0.00349721,0.679918,0,1.27293,1.06061,0.069666,2.93088,0.0154932,0.0720605,0.0375244
0.208035,0.301007,0.00455077,0.540351,0.00654502,1.32521,1.02319,0.101537,2.29198,0.000234185,1.31933,0.169122
0.117782,0.117473,0.0639349,0.523328,0.00739908,1.79662,0.723085,0.064696,0.167621,0.0962716,2.85626,0.188055
0.0142209,0.105044,0.620729,0.38667,0.00558391,1.76114,0.280016,0.056911,0.0654779,0.106071,3.28523,0.270911
0.00941818,0.155969,0.746038,0.674696,0.142129,1.58192,0.0599195,0.366654,0.0806561,0.139166,3.39648,0.206777
0.00570865,0.163911,0.714996,0.884977,0.238169,1.30886,0.100783,0.604823,0.0814093,0.149389,3.39399,0.000499765
0,0.0758568,0.647341,0.975301,0.419772,1.19432,0.174153,0.563964,0.0753504,0.144038,3.3371,0.000172063
0,1.14412,0.12789,0.555969,0.333082,1.33248,0.166021,0.462041,0.143748,0.152626,2.62358,0.0501703
0,2.5763,0.0825167,0.0175799,0.0212035,1.35595,0.920087,0.130699,0.125436,0.129761,1.65345,0.136596
0,2.8597,0.0462743,0.00854046,0,1.45762,0.808485,0.311381,0.443899,0.119946,0.0136971,0.201263
0,3.27797,0.0127205,0.00401792,0,1.34016,0.804863,0.329456,0.419896,0.048561,0.00606853,0.18024
2.17304e-05,3.37766,0.00100541,0,0.017482,1.22471,0.927183,0.2894,0.488038,0.0268243,0.0916395,0.104139
0,3.21379,0.00134038,0,0.0164261,1.0886,0.954387,0.185619,1.13581,0,0.0889213,0.0879872
0,3.00164,0.0924694,0.00253047,0,0.382574,0.818559,0.221103,1.74799,0,0.0347262,0.0397964
0.0656419,2.40758,0.33121,0.012684,0,0.118342,0.931943,0.210548,1.94846,0.0116117,0.114171,0.00091288
9.16928e-05,2.18975,0.623676,0.00849042,0,0.145311,1.02604,0.168528,1.68167,0.0559623,0.0617344,0.000916137
0.000135687,2.51375,0.575802,0,0.0143794,0.146027,1.0042,0.117216,1.46067,0.0664928,0.0891727,0.0287512
0.000161082,2.62584,0.371895,0,0.0226072,0.126252,1.1079,0.115484,1.42993,0.0739499,0.0857711,0.000640112
0,2.56427,0.224993,1.03914,0.014323,0.109951,1.12377,0.121472,1.48734,0.0895872,0.230243,0.213866
0,1.87611,0.18678,2.11818,0.0126655,0.0881717,1.16881,0.100945,1.48703,0.0754537,0.339353,0.273206
0,0.563969,0.367288,2.43931,0.0136793,0.0606104,1.08833,0.0570024,1.72255,0.0836919,0.33232,7.26592e-05
0,0.104323,0.447505,2.43281,0.0175271,0.0867511,1.0976,0.0501591,1.78479,0.0619939,0.321391,0.000123362
0,0.00737138,0.501538,2.37709,0.0240051,0.227202,1.13853,0.0313486,1.64667,0.0623839,0.297666,0.0225631
0.0657922,0.231341,0.509555,2.44523,0.0280777,0.126732,1.38222,0.014159,1.38141,0.0162254,0.373923,0.000188559
0,0.105598,0.472084,2.59195,0.00662809,0.0430606,1.71616,0.0149639,1.20663,0.0205309,0.431354,0.0537344
0,0.0985878,0.416227,2.72003,0,0.0321906,1.8173,0.0141923,0.948086,0.104965,0.379805,0.166488
0.0472714,0.16728,0.206228,2.65223,0.0105375,0.0105712,2.14467,0.0207222,0.948095,0.0695462,0.348027,0.0478378
0.11996,1.51946,0.060953,2.0426,0.0108947,0.0875346,2.10762,0.0412212,1.00664,0.14512,0.169257,0.123863
0.0171792,2.31086,0.0739143,1.10901,0.000468201,0.0840505,2.10143,0.230131,0.996375,0.22896,0,0.373847
4.05703e-05,2.66708,0.0345955,0.171515,0,0.0507684,2.02286,0.380306,0.929814,0.225507,0.0490949,0.102923
0.000144046,3.00306,0.00149767,0,0,0.034794,1.92,0.443467,0.862757,0.180912,0.384827,0.193579
0,2.70406,0.00400594,0.00268094,0.00819769,0.00090819,1.69524,0.390726,1.0674,0.140619,0.697989,0.793148
0,2.68082,0.152115,0.023988,0.0409828,0.163419,1.35545,0.32658,1.1473,0.271184,0.614688,0.723761
0.0327904,2.37277,0.460086,0.344854,0.290843,0.204648,0.98675,0.516193,0.811235,0.195446,1.07187,0.939056
0.165609,0.305635,1.0816,0.689069,0.367045,0.29091,0.750376,0.711579,0.919678,0.147941,1.56269,1.05704
0.128411,0.616983,0.97394,0.800731,0.415838,0.275163,0.828074,0.713498,0.699586,0.16691,1.8624,0.850263
0.050583,1.23351,0.5581,1.36737,0.389112,0.194487,0.779855,0.494417,0.356501,0.14061,1.62081,0.920682
0,1.41856,0.0545682,1.71594,0.256592,0.191416,0.353565,0.196093,0.0771177,0.103787,1.78061,1.2177
0,1.32793,0,1.94453,0.207441,0.149348,0.3599,0.179515,0.233858,0.050162,1.92838,1.28931
0,1.43653,0.023932,1.83151,0.353796,0.243512,0.375022,0.0805419,0.414807,0.0305741,1.75603,1.31975
0.0325378,1.40603,0.10737,1.60245,0.0404238,0.304789,0.188286,0.201763,0.476752,0.123457,1.67661,1.2776
0.0967451,1.53675,0.188843,1.13891,0.0326217,0.273777,0.00669436,0.501552,0.396149,0.085824,1.64966,1.44001
0.0713082,1.69053,0.250365,1.10364,0.0687315,0.0591661,0.00792478,0.666328,0.337487,0.185958,1.48199,1.48069
0.000296356,1.39965,0.252458,1.34077,0,0.00397233,0.0679014,0.572044,0.258229,0.0458984,1.38338,1.57499
0.000109588,0.921254,0.406495,1.20769,0,0.0263528,0.0943645,0.397036,0.178843,0.0439388,1.31244,1.73823
2.02419e-05,0.717382,0.594424,0.808881,0.0799595,0.0302567,0.0753957,0.281676,0.211952,0,1.52406,1.88085
0.0099724,0.931222,0.467763,0.74676,0.17513,0.0240721,0.0985442,0.141814,0.571043,0,1.64689,1.95434
0.114168,1.20058,0.226949,0.913047,0.0441176,0.0537134,0.294368,0.0719763,0.263068,0.182404,1.59475,1.96414
0.24885,1.40052,0.407807,1.01689,0.0275117,0.0870223,0.401118,0.0629322,0.105071,0.127874,1.49261,1.72662
0.312212,1.60048,0.711975,0.86461,0.0106484,0.144698,0.332187,0.0158502,0.112736,0.112161,1.4577,1.46661
0.242344,2.01202,0.738974,0.585912,0.00672103,0.321253,0.160836,0.0165271,0.136002,0.0856792,1.58641,1.38009
0.241114,2.00712,0.556121,0.435038,0.0152582,0.0235493,0.117699,0.444661,0.451585,0,1.69525,1.4174
0.101198,1.50063,0.183687,0.724486,0.0187087,0.00145501,0.0950756,1.07227,1.58252,0,1.05014,1.53943
1.86156,0.599664,2.37798e-05,0.470422,0.0104347,0.0923388,0.231084,1.12994,1.91177,0.0707275,0.0217264,1.57155
2.15388,0.959366,0,0.00620251,0.00363906,0.154087,0.16477,0.621585,2.0921,0.0706466,0.0154724,0.862591
1.51236,2.18559,0,0.00287515,0.0017681,0.180647,0.214002,0.322787,2.08871,0.133065,0.0422865,0.715529
0.790027,3.08489,0.00198035,0.00487288,0.0193586,0.190233,0.159221,0.263237,2.15924,0.110652,0.00129604,0.614206
0.1766,3.71287,0.00578873,0.0298247,0.0966172,0.218248,0.320175,0.196244,2.09079,0.00830311,0.000798429,0.547643
0.143001,4.03106,0.00868318,0.0482724,0.0344279,0.274204,0.41313,0.0221215,2.16172,0.0127901,0.000443323,0.537332
0.106727,3.99492,0.0745227,0.062807,0,0.258474,0.0257001,0.0158084,2.25718,0.0109002,0.659342,0.628384
0.00680838,1.95216,0.490908,1.82539,0.0399097,0.200423,0.17407,0.00265489,1.45991,0.0496412,1.2333,0.456468
0,1.07542,0.206589,2.41424,0.0437864,0.350705,0.140385,0.231619,1.45328,0.075733,1.09169,0.406676
0.000156232,0.736569,0.0384542,2.59221,0.270538,0.361658,0.0698084,0.441935,1.32323,0.114019,0.927708,0
0.0901715,0.543932,0.000228772,2.41754,0.413006,0.384129,0.038674,0.561911,1.31069,0.131776,0.834054,0
0.282382,0.567184,0.0437378,2.12806,0.456849,0.291862,0.112498,0.612255,1.24787,0.146947,0.947596,0
0.416912,0.51104,0.0952412,2.0546,0.521977,0.268399,0.358923,0.6514,1.2343,0.155279,1.15082,0
0.335454,0.820427,0,2.04849,0.560731,0.260195,2.00673,0.695134,0.701757,0.142688,0.899154,0.0706135
0,0.396608,0,1.37415,0.368278,0.273953,2.79169,0.3025,0.263171,0.0909339,0.376646,0.652177
0.0365694,0.338583,0,0.718691,0.0565141,0.369633,3.24179,0.308682,0.085214,0.0503852,0.447843,0.713786
0.0256451,0.661901,0.272865,0.0819756,0.0451505,0.0215875,3.02521,0.164493,0,0.00923466,0.611763,0.886659
0.00028632,1.13839,0.247905,0.0419431,0.0395836,0.0258508,2.84287,0,0,0.0119756,0.67918,1.10695
8.68431e-05,1.13373,0.243721,0.0469786,0.219102,0.0147585,2.77537,0.0537432,0.0688503,0.0413069,0.647797,1.15246
0.0660547,1.24521,0.278226,0.455909,0.25169,0.0183073,2.27981,0.000648412,0.629577,0.0331864,0.326019,1.33499
0.00026916,1.05009,0.320702,0.852191,0.166247,0.240628,1.01506,0.000548152,2.05348,0.0443286,0.0395529,1.39482
0.000254158,0.846794,0.287967,0.648368,0.0831451,1.04167,0.235149,0.0241629,2.80684,0.0467799,0.00973869,1.31306
0.0128424,0.972403,0.122072,0.661048,0.162877,1.35384,0.0297231,0.051915,2.77798,0.0156625,0.129978,0.886476
0.0618262,1.09541,0,0.800671,0.0520897,1.23429,0.105145,0.0388854,2.56743,0.0153807,0.114258,0.640201
0.156983,1.27939,0.0634496,0.889249,0.216864,1.20295,0.0174973,0.0289047,2.39349,0.0113465,0.109459,0.575906
0.187809,0.760466,0.379713,0.88724,0.474149,1.28043,0.0354037,0.0490985,1.99232,0,1.07966,0.89677
0.000217238,0.700862,0.512794,0.287079,0.431176,1.58557,0.143482,0.0382107,0.0818381,0,2.70683,1.3532
0,0.651152,0.241898,0.0194813,0.122959,1.78732,0.10003,0.13213,0.140522,0.0436995,3.25287,1.18468
0,0.636374,0.349564,0.139271,0.232874,2.02135,0.0902342,0.211223,0.0729732,0.0759379,3.37921,0.800753
0,0.0664671,0.821853,0.595077,0.443778,1.87881,0.0422269,0.284102,0.0946625,0.0984366,3.28651,0.644972
0,0.152181,1.15727,0.835889,0.433537,1.45283,0.0310743,0.35625,0.118477,0.121427,3.12255,0.549662
0,0.457878,1.10731,0.846531,0.468078,1.22396,0.0992442,0.328202,0.22613,0.137205,2.93629,0.364318
0,2.37399,0.431069,0.452247,0.522609,1.35606,0.0744701,0.254654,0.326433,0.136205,2.24891,0.27953
0,2.58866,0.0519933,0,0.459781,1.38256,0.0636914,0.485801,0.434272,0.130153,0.558714,0.643793
0.000761198,2.64728,0,0,0.237623,1.42928,0.0300865,0.165075,0.751568,0.074184,0.105397,0.910697
0,2.79342,0,0.00224634,0.167525,1.52012,0.0347302,0.172173,0.805118,0.0629487,0.0762649,1.11001
0.000609757,3.02877,0.0934682,0.0370426,0.160039,1.33753,0,0.140589,0.668942,0,0.0737208,1.11972
0.000426708,3.12278,0.225924,0.00936126,0.0302003,1.39196,0.0435703,0.156222,0.630264,0.00500808,0.128004,1.27577
0.0099336,2.77537,0.00137216,0.254473,0.0289743,0.910343,0.29373,0.170863,1.06918,0,1.03307,1.35751
0,0.439145,0.00170044,1.6132,0.0340265,0.2066,0.432592,0.121046,1.19523,0,1.41767,1.21971
0,0.475599,0.00287261,1.41248,0.0251755,0.143626,0.391022,0.115369,1.30125,0,1.2269,1.13724
0,0.521957,0.0041067,1.27644,0.016649,0.0661914,0.0752955,0.132642,1.46488,0,0.94502,1.07836
0,0.311886,0.00224186,1.0245,0.0363446,0.00609421,0.125793,0.143286,1.60282,0,0.381196,1.22171
0.0464738,0.00194325,0.230559,0.667327,0.0875404,0.00954032,1.23277,0.143442,1.64136,0.0010441,0.225733,1.28756
0.0923288,0.0124009,0.0931632,0.263297,0.151531,0.0271161,1.87388,0.138307,1.63991,0.0045877,0.193997,1.30301
0.102824,0.236114,0.0005751,0.161396,0.110933,0,2.26441,0.114054,1.43778,0.0138894,0.264841,1.24992
0.00500421,0.425451,0.00238474,0.00842463,0.100278,0,2.36381,0.0633231,1.22545,0.00241587,0.178037,1.26991
0,0.309522,0.00103567,0.776713,0.046017,0.402307,2.24735,0.0285948,1.45387,0.0822033,0.172947,1.42079
0.0270337,0.208874,0,1.57817,0.139447,0.598707,2.00291,0.106356,1.45782,0.118381,0.508978,1.45534
0.0335682,0.0216872,0,2.19949,0.0730475,0.449026,1.7248,0.291069,1.1494,0.132491,0.520833,1.42089
0.0529771,0,0,2.48356,0.228749,0.176861,0.77027,0.45878,0.70589,0.111519,0.544843,1.31768
0.0754632,0,0,2.52653,0.321861,0.0450407,0.577432,0.524753,0.418098,0.266546,0.588844,1.47853
0.143706,0.162344,0.0488763,2.51206,0.139751,0.0290479,0.516001,0.43879,0.2939,0.347006,0.521111,1.58872
0.037935,0.0336523,0.0627085,2.51998,0,0.0224103,0.61456,0.463027,0.237513,0.262305,0.426443,1.63121
0.00659097,0.0645575,0.0854618,2.55903,0,0.0161629,0.783007,0.317826,0.260096,0.278867,0.382935,1.59556
0,0.119016,0.127393,2.38219,0.0758308,0.219577,0.977727,0.0577403,0.398077,0.4716,0.206241,1.54822
0.476838,0.48876,0.275865,2.06853,0.086869,0.33402,1.48105,0.124188,0.264809,0.587827,0.166466,1.32711
0.427342,0.667793,1.20777,1.54722,0.453841,0.579432,1.32093,0.592559,0.169607,0.262013,0.156404,1.13765
0.0368435,1.35833,1.37728,0.765177,0.983116,0.0851085,1.12997,0.588198,0.355063,0.0305426,0.28856,0.724025
0.18661,1.5527,1.1214,0.815824,1.05969,0.290738,0.924936,0.670697,0.165858,0.0633038,0.0723592,0.319013
0.200114,1.48301,0.690412,1.06443,0.858544,0.0908978,1.9837,0.662089,0.164584,0.139489,0.0955827,0.000427043
0.182509,1.44025,0.268435,1.45007,0.574871,0.0154545,2.19034,0.553802,0.144404,0.191421,0.0592555,0.00047415
0.105478,1.36752,0.265041,1.63201,0.277821,0.0161353,2.19893,0.33312,0.165032,0.205982,0.0639775,0.0127843
0.046109,1.4123,0.00280733,1.60828,0.0495698,0.0317047,2.39158,0.00388669,0.148842,0.142743,0.0274665,0.0182257
0.0113134,1.58372,0.00438807,1.55235,0.031791,0.0234424,2.49323,0,0.0793541,0.123379,0.00780583,0.00719217
0.0274478,1.37745,0.00116618,1.6535,0,0,2.5002,0,0.092167,0.389612,0.00737574,0.0467369
0.0389257,1.30026,0.00410288,1.80932,0.000663312,0.592816,1.97303,0,0,0.301521,0.00519696,0.0322354
0.0232287,1.21596,0.00461924,1.86039,0,1.27034,1.6598,0.108511,0,0.230608,0.00320255,0.0709383
0.0149837,1.14939,0.0034991,1.60005,0.000146198,1.76484,1.5035,0.151329,0.00387516,0.0643497,0.0184386,3.37232e-05
0.0758585,1.11012,0.00300426,1.1385,0.00153585,1.89382,1.14809,0.114703,0.0127948,0.0600579,0.0423956,0.199001
0.0832995,1.15335,0.0247697,1.56118,0.0176035,1.447,1.218,0.0542335,0.0225842,0.0518683,0.108722,0.155877
0.0122424,0.780416,0.0417897,2.99308,0.0274901,0.521984,1.3232,0.0472032,0.271398,0.0426051,0.157675,0.0567649
0,0.455372,0.0704003,3.4595,0.0153336,0.00326374,1.29924,0.0433302,0.689534,0.347013,0.17637,0.00329183
0,0.176713,0.00949697,3.61248,0.00442978,0,1.27012,0.0422205,0.856122,0.459778,0.253057,0.0652063
0,0.000874175,0.00644553,3.72554,0,0.0047387,1.28293,0.0456556,0.693838,0.316139,0.29382,0.00943482
0.0361612,0.00220165,0.00738909,3.62345,0.00306544,0.833076,1.33322,0.0317657,0.252905,0.256577,0.316133,0.0128235
0.406278,0.00251453,0.0071225,3.06398,0.00358772,1.59275,1.42081,0,0.030473,0.270396,0.194104,0.000271851
0.507214,1.04741,0.00399199,1.72687,0,2.0146,1.40974,0.00215129,0,0.33254,0.170885,0.000649385
0.519079,1.43624,0.00755461,0.76182,0.00804179,2.22543,1.3539,0.262948,0,0.371369,0.0641998,0.000694986
0.428629,1.66999,0.0335186,0.56421,0.0110573,2.4195,1.4125,0.311162,0,0.312105,0.0872607,0.000675445
0.186065,1.78968,0.0402961,0.907325,0.0158758,2.341,1.45014,0.177425,0,0.196803,0.368117,0.0552117
0.00795532,1.43444,0.0303422,2.7311,0.0296081,1.08677,1.58726,0,0.191394,0.087199,0.601541,0.167993
0,1.38171,0.0057034,3.07751,0.0225838,0.027111,1.6927,0,0.558638,0.113254,0.687157,0.0124567
0.00043807,1.40627,0,3.10606,0.00945803,0.0204729,1.51349,0.0146461,0.794318,0.0979199,0.75792,0
0.000542243,1.67066,0,3.08066,0,0.00495522,1.62537,0.0192838,0.602551,0.0453299,0.660506,0
0.00063395,2.1368,0,2.87606,0,0.0433955,1.81513,0.0348389,0.231725,0.0102136,0.608937,0.0675828
0.000560347,2.68883,0,2.42893,0,0.092681,2.03721,0.0315551,0.208513,0.0131322,0.563527,0.0415108
0.000460463,3.32841,0,1.66222,0.0540081,0.312411,2.13076,0,0.493105,0.0611625,0.738328,0
3.09357e-05,3.69644,0,0.707932,0.00898789,0.917792,1.74683,0,0.529075,0.231561,0.828068,0
0,3.23374,0.00751962,0.499895,0.0204913,1.21587,1.80285,0,0.553179,0.211971,1.2516,0.301922
9.66727e-05,1.69761,0.230817,0.751772,0.0266727,1.41314,1.94139,0.00144141,0.227531,0.0306498,3.18212,0.469352
0.000440098,1.1912,0.00103501,0.887003,0.00664474,1.41872,1.76224,0.0489847,0,0.0138721,3.41437,0.312232
0.000685587,1.14503,0.11238,0.894614,0,1.64226,1.3341,0.0271334,0.0515528,0.0127086,3.7152,0.130325
0.000645347,1.12599,0.226705,0.736683,0,1.80598,0.992346,0.00192808,0.155736,0.206963,3.70541,0.0354477
0.000557511,1.13175,0.247167,0.544136,0,1.73794,1.05361,0,0.11727,0.370141,3.7095,0.079739
0.000536927,1.12702,0.261835,0.828213,0,1.51563,1.30484,0,0,0.357371,3.66146,0.0966474
0.000486456,0.985675,0.258289,0.907839,0.0067853,1.31944,1.46195,0,0.789507,0.0339795,3.35257,0.308254
0.000331586,0.674353,0.260368,0.981061,0.00760126,0.90043,1.38249,0,1.88934,0.0594093,2.19226,1.1396
0,0.949753,0.00117287,1.64594,0.0744134,0.707336,1.55933,0.0184876,2.31108,0.0215299,1.05011,1.3256
0,0.692007,0.000809359,2.00506,0.365656,0.562,1.35383,0.150754,2.01847,0.0149929,0.89584,1.46048
0.0267584,1.13299,0.00069679,2.08469,0.709634,0.424316,0.96567,0.201011,0.803943,0.0143524,1.28548,1.53389
0.0342357,1.5908,0.00109784,1.41045,0.528779,0.180665,1.66448,0.0585064,0.13552,0.0141897,1.04584,1.5744
0.021319,1.73805,0.00260747,1.17255,0.323827,0.0979891,2.31416,0.00518675,0.0197361,0.00393146,0.592929,1.50839
0.07896,1.6661,0.00159668,1.14394,0.292167,0.0868836,2.62464,0.0363238,0,7.29147e-05,0.190108,1.30875
0.120349,1.36903,0,1.16275,0.312844,0.0242076,2.67349,0.0442608,0,0,0.00384596,1.58869
0.0303869,1.36462,0,1.38532,0.0323097,0.116183,2.32619,0.029813,0,0.0860848,0.00445975,2.00378
0.0400848,1.63893,0,1.33066,0.0729031,0.752868,2.03735,0.254024,0.0163197,0.0455582,0.00365431,1.78077
0.469029,1.68886,0.455627,0.939116,0.375832,0.560393,1.7033,0.561972,0.0806806,0.104253,0.00645085,1.33765
0.650543,1.2598,1.15526,0.631792,0.502055,0.470759,1.52257,0.641485,0.307467,0.220096,0.0294606,1.29373
0.729916,1.0942,1.45924,0.544726,0.552819,0.389151,1.47814,0.668285,0.465975,0.365827,0.0832966,1.25394
0.615131,1.29899,1.17631,0.669239,0.527313,0.305466,2.00107,0.594997,0.350519,0.428209,0.165827,1.13013
0.0235532,1.99509,0,1.52396,0.450034,0.496583,2.41338,0.454477,0.0608865,0.127208,0.148087,1.21244
0.171918,1.89934,0,1.51794,0.261796,0.825907,1.88923,0.198353,0.137584,0.0992972,0.413356,1.78327
0.166517,1.88724,0.155925,1.46626,0.00921203,0.933057,1.37264,0.201188,0.319426,0.0908421,0.228417,2.24218
0.0352752,1.8318,0.151932,1.79738,0.00658832,0.425238,1.46362,0.130117,0.356851,0.0660231,0.476517,2.36473
0.0753376,1.85333,0.0481382,1.94708,0,0.545535,1.43011,0.0383141,0.339438,0.0787238,0.881396,2.41729
0.139425,1.08025,0,1.76123,0.0783292,0.71537,1.41972,0.0378725,0.375617,0.0915876,0.875144,2.48852
0.0594225,0.597302,0.0223313,1.59025,0.0460144,0.583683,1.6304,0.0226071,0.563584,0.057278,0.937069,2.23117
0.00540204,0.559247,0.0622095,1.67702,0.165995,0.0526381,1.79366,0.0175352,0.663729,0.0359355,1.47621,1.9116
0.0384872,0.635147,0.00264641,1.85589,0.214255,0.0163129,1.83199,0.121119,0.414549,0,1.69306,1.64254
0.000477398,0.935143,0,1.80808,0,0.0155924,1.89256,0.377309,0.20462,0,1.70241,1.84223
0.000360332,1.23417,0,1.89693,0.0150649,0.0276766,2.05011,0.16112,0.0110418,0,1.6673,2.20944
0,1.30596,0.00186028,1.927,0.0381158,0.0281895,1.98395,0.146539,0.0797957,0.00118929,1.85528,2.27238
0,1.35375,0.00343222,1.92485,0.103336,0.025105,2.02676,0.0708086,0.00197322,0.00297494,1.65831,2.41562
0.0001737,1.35121,0.00180263,1.64548,0.243809,0.00830925,2.40577,0.00847726,0.0355342,0.0286066,1.15618,2.46904
0.000143216,1.47984,0.00187759,1.61693,0.339557,0,2.48282,0.0045694,0,0.0583467,0.919557,2.49896
0.000514355,1.74354,0.00255418,1.57296,0.26329,0.040839,2.27335,0,0,0.0745844,1.03544,2.51267
0.0215993,1.85872,0.00212437,1.52741,0.162468,0.132653,2.02079,0,0,0.121819,1.26382,2.48876
0.116239,1.80455,0.00293427,1.45207,0.133183,0.221419,1.96821,0,0.0900734,0.0922832,1.22442,2.52186
0.167418,1.76987,0.00445509,1.47558,0.361109,0.122267,1.77793,0,0.126024,0.00337964,1.12366,2.39606
0.00754553,1.80221,0.0872087,1.43499,0.405817,0.000758323,1.93317,0.00131217,0.108688,0.00400926,1.00988,2.27217
0.00067159,1.77697,0.146147,1.36254,0.244811,0,2.24785,0.0210086,0.067567,0.00656297,1.03263,2.13389
0.000585878,1.73136,0.0421418,1.44962,0.125514,0.203322,2.40224,0.0251366,0.0139298,0.0285076,1.11787,2.08083
0.000486094,1.76803,0.0975844,1.4229,0.0842691,0.437052,2.40886,0,0,0.0957351,1.01407,2.13146
0.00971237,2.0766,0.131078,0.807687,0.836793,0.242216,2.03111,0.000277724,0,0,1.11021,2.15981
0.0467911,2.2284,0.0893547,0.449555,1.18578,0.389113,1.50216,0.34118,0.0659789,0,1.15212,1.65671
0.262099,1.59945,0.371004,0.698943,1.26918,0.166263,0.909601,0.837801,0.086347,0.39089,1.11791,0.921459
0.0284808,1.2784,0.553806,1.5003,0.919917,0.24386,0.0183132,0.913824,0.184273,0.461614,1.54092,0.744159
0.0335125,1.31907,0.501394,1.61588,0.559757,1.6101,0.0165005,0.935429,0.120551,0.370358,1.29089,0.670636
0.0546792,1.28026,0.373766,1.72331,0.210865,2.15982,0.0137232,0.789435,0.0795614,0.37647,1.02999,0.630667
0.0711261,1.18183,0.443865,1.83074,0.168135,2.4201,0.0191338,0.510272,0.0632659,0.373866,0.810226,0.268478
0.122844,1.03474,0.206868,1.74649,0.00606649,2.3853,0.636865,0.00311018,0.11011,0.294168,0.313787,0.219194
0.138039,1.1871,0.0016484,1.51331,0.000821337,1.83379,1.61327,0,0.452071,0.000691672,0.0931392,0.38358
0.0524845,1.46468,0.000282542,1.63252,0.0086099,0.817968,2.32713,0.0160286,0.19213,0.0538834,0.0408096,0.484979
0.0530356,1.42829,0.000902771,1.60791,0.00728076,0,2.54512,0.0362966,0.0859231,0.131381,0.00600203,0.62146
0.204273,1.28397,0.00191875,1.53239,0.0471146,0.870813,2.34388,0.000446758,0.0353503,0.0712356,0.00525648,0.815808
0.442757,1.03907,0.0297974,1.43357,0.029253,1.98519,2.00998,0,0.0424871,0.00878549,0.00357189,1.06954
0.566575,0.871942,0.0384515,1.07973,0.0302849,2.55441,1.40164,0.00114984,0.0723195,0.0447063,0.00161665,0.724614
0.522059,0.999653,0.03838,0.911242,0.0296352,2.69021,0.996658,0,0.0664709,0.112849,0,0.604748
0.0670927,0.188969,0.123846,2.43072,0.0375656,2.4702,1.19192,0,0.0168259,0.13619,0.0961024,0.526157
0,0,0.185221,3.49807,0.0454967,0.876144,1.18508,0,0.133141,0.243332,0.195905,0.482789
0,0,0.147317,3.71174,0.0349475,0.00398569,1.08358,0.0329674,0.39896,0.427296,0.302992,0.49278
0.000168528,0,0.0913717,3.80602,0.0321547,0.00527194,1.05342,0.0493823,0.332514,0.447399,0.378725,0.48599
0.000424388,0,0.0568693,3.78462,0.0258073,0.00210681,1.09776,0.0551319,0.339479,0.228176,0.376258,0.488178
0.000568173,0.00111167,0.00145336,3.76421,0.00701405,0,1.10298,0.0571728,0.440686,0.202976,0.344805,0.541029
0.380856,0.380002,0.00146499,3.75767,0.0120178,0.250251,1.33044,0.0593639,0,0.201205,0.26292,0.280489
0.217821,0.80231,0.00234558,2.9324,0.00589508,1.44933,1.46626,0.0170062,0.113036,0.342028,0.0726352,0.0113043
0.0660969,1.12259,0,1.29084,0.0100713,2.10913,1.30843,0.178159,0.00141181,0.328038,0.0756703,0.0221573
0.0888797,1.15502,0.00195704,0.535952,0.00897553,2.23864,1.31507,0.149601,0.00101869,0.104171,0.153553,0.619134
0.218922,1.10436,0.00108222,0.369961,0.00287716,2.37551,1.3298,0.144687,0.00149079,0.150107,0.351633,0.614678
0.300585,1.14726,0.000111171,0.983455,0.00627084,2.34491,1.27608,0.362293,0.00146681,0.123567,0.519223,0.122582
0.308588,1.19375,0,2.0808,0.0222136,1.91746,1.19866,0.459956,0.00150339,0.0872199,0.664645,0.00010988
0.26156,1.10056,0,2.86343,0.0165334,1.15937,1.19403,0.272332,0,0.0666731,0.9512,3.86513e-05
0.205741,1.06409,0.000684191,3.24288,0.013622,0,1.24566,0.0442111,0,0.0274037,1.18047,0.0472564
0.000518838,1.73084,0.000362013,3.26447,0.0209991,0,1.84833,0.0390224,0.253448,0.00654194,0.733011,0
0.000404027,2.76903,0,2.67273,0.00791469,0.0161727,1.78451,0.0387528,0.318067,0.180827,0.52385,0.078086
0.000249477,3.16264,0.404096,1.32895,0.0527043,0.51587,1.08231,0.197427,0.286924,0.232503,0,0.459111
0.0337066,3.32111,0.529691,0.254537,0.143037,1.64811,0.0303636,0.190388,0.365545,0.202796,0.000793609,0.483751
0.00781334,3.21277,0.178133,0.228233,0.21611,1.93603,0.402164,0.188697,0.262512,0.153831,0.821788,0.509675
0,2.01718,0,0.275796,0.172787,1.88076,1.04028,0.22676,0.132555,0.170462,2.04411,0.672857
0.00474075,0.598745,0.0366535,0.836625,0.00454914,1.63486,0.956243,0.229185,0.0658707,0.0996947,2.76283,0.388121
0,0.816386,0.0972186,0.793951,0.0702952,1.50594,0.963035,0.00400536,0.159829,0.0437752,2.8771,0.215964
3.20714e-05,1.03893,0.152127,0.766637,0.106478,1.22436,0.949201,0,0.406045,0.0136027,2.96824,0.207151
0.0543356,1.23834,0.0305831,0.553791,0.00666395,1.11636,0.667506,0,1.91368,0.0866838,2.38478,0.163256
0.0356942,1.38654,0,1.22093,0,0.821351,0.305507,0.104628,2.79531,0.109272,1.08924,0.0673905
0.0169784,0.901769,0,1.55044,0.0842041,0.555418,0.173767,0,3.00087,0.0427892,0.855007,0.896422
0.00906698,0.491581,0.000794864,2.07934,0.137044,0.555932,0.449786,0,3.25209,0.00606742,0.620222,1.04395
0.0211326,0.416043,0.0142984,2.05689,0.190996,0.29395,0.530001,0.0223446,3.37682,0.00949929,0.504073,1.08513
0.0827523,0.328906,0.178499,1.61738,0.174604,0.169078,0.6705,0.0173609,3.34724,0.0116939,0.192797,1.20066
0.313517,0.65663,0.159795,1.31151,0.0725111,0.197862,1.64305,0.00599797,2.64096,0.00672019,0.096853,1.47665
0.752553,0.872901,0.00538795,1.37159,0.0833423,0.217038,2.12552,0,1.05563,0.00556413,0.270717,1.60145
0.872042,0.976583,0.00481346,1.53349,0.0754016,0.0746262,2.03521,0,0.148368,0.102059,0.194083,1.61116
0.423256,1.3104,0.00354533,1.53162,0.234394,0.21757,1.72095,0,0.19657,0.0858083,0.0598707,1.42862
0.432714,1.77688,0.000188099,1.46793,0.00385349,0.313195,1.21478,0,0.183169,0.0780865,0.0605042,1.62837
0.380057,1.85412,0.0307667,1.19044,0.0354335,0.8721,0.701437,0.0707891,0.119945,0.0570088,0.13157,1.4612
0.803217,0.918708,0.759896,0.721192,0.285578,1.0331,0.592518,0.142716,0.0731036,0.135157,0.217707,1.31314
0.908546,0.120023,1.29852,0.449822,0.485515,0.966196,0.232269,0.316407,0.312166,0.348363,0.304667,1.27663
0.986471,0.129336,1.40608,0.442572,0.527058,0.811965,0.153746,0.408237,0.513943,0.394059,0.279821,1.1975
0.918448,0.550943,1.1598,0.591393,0.520829,0.693417,0.985402,0.450269,0.476268,0.362896,0.156959,1.26583
0.175478,1.23346,0.292773,1.30005,0.48794,0.488293,2.18913,0.372669,0.0862609,0.158832,0.121418,1.41392
0.0770426,1.93905,0,2.06551,0.398019,0.181349,2.2311,0.207157,0.150783,0.0426755,0.721813,1.56042
0.0468911,1.88814,0,2.12288,0.120648,0.199295,1.90273,0.020173,0.51781,0.00670741,0.818433,1.85905
0.000168461,1.9261,0,2.01597,0.026568,0.269201,1.80276,0.456024,0.684798,0.0112831,0.780987,1.86737
0.0990583,1.7675,0,1.95198,0.0188038,0.242706,1.90256,0.391587,0.749849,0.0135937,0.590822,2.01957
0.146999,1.74027,0,1.87081,0.0115517,0.0967142,2.05019,0.263667,0.0847774,0.0345989,0.152463,2.21654
0.110896,1.43701,0.00203229,1.2452,0.0211209,0.0232473,2.35242,0.367234,0.0338821,0.0913392,0.478605,1.65135
0.0506646,1.58209,0.0516015,0.534346,0.047162,0.0707953,2.50186,0.433069,0.074081,0.0765383,0.628929,1.32738
0.0265246,1.69874,0.155016,0.486129,0.0429132,0.0212098,2.52929,0.361942,0.0907704,0.0795197,0.643968,1.21208
0.0275686,2.06309,0.23639,0.611208,0.0256961,0.0338693,2.65247,0.229147,0.0641594,0.0978028,0.598222,1.08163
1.64466e-05,2.8018,0.173418,0.898063,0.032197,0.0931323,2.71481,0.190624,0.028011,0.091584,0.21258,1.16125
0.000299689,2.88546,0.0982663,0.923004,0.040918,0.178415,2.33445,0.471578,0.00691325,0.0779381,0.0860992,1.49346
0.0176486,2.75926,0.102368,1.0238,0.0506892,0.221499,2.34175,0.464613,0,0.0236856,0.143135,1.58633
0.00580076,2.65253,0.0433582,0.958494,0.124255,0.319445,2.43383,0.192839,0,0.0757447,0.283705,1.8011
2.88389e-05,2.6547,0.00465688,0.548882,0.229665,0.358972,2.47473,0,0.0825178,0.119422,0.263859,1.89579
0.000152052,2.69454,0.122234,0.426083,0,0.372501,2.26334,0.296282,0.21493,0.0803564,0.0108077,1.9583
0.000639795,2.73714,0.162263,0.48675,0.018517,0.297535,2.13877,0.638573,0.32881,0.0476243,0.0709383,1.80944
0.000298893,2.61364,0.135404,0.90552,0.0333195,0.204956,2.19147,0.699709,0.433218,0.0332718,0.00159037,1.94544
0,2.56085,0.0182697,1.27566,0.0312626,0.13432,1.95585,0.275902,0.337124,0.0724681,0.00084611,2.3043
0,2.88196,0.000609631,1.20658,0.151454,0.191852,1.7078,0.0596945,0.437782,0.0227994,0.0449387,2.10884
0,2.81046,0.00100399,1.14434,0.325044,0.158361,1.64487,0.0321947,0.612668,0.00153458,0.118443,1.75814
0.0312802,2.38166,0.0030439,1.39326,0.365503,0.233503,1.88877,0.00553109,0.614852,0.00147674,0.0593063,1.60907
0.000189841,2.37443,0.000208318,1.23717,0.385766,0.518504,2.40216,0.00612925,0.512698,0.000312438,0.100811,1.36372
0,2.27351,3.48881e-05,1.1272,0.212139,0.733202,2.6551,0.00103338,0.389809,0,0.261155,1.59619
0.0606495,2.12882,0.863274,0.431037,0.0270995,0.519781,2.51304,0.0250673,0.405104,0,3.70478e-05,1.41063
0.295807,0.320685,1.88608,0.360532,0.0552071,0.420968,1.16926,0.0406873,1.02283,0,0.578731,1.20034
0.116667,0.210909,1.71426,0.331536,0.107753,0.385339,0.91184,0.0556801,0.866037,0.0258374,1.61644,0.981484
0.0657166,0.15836,1.74946,0.322095,0.0871341,0.305639,1.16785,0.166915,0.571623,0.0919908,2.07577,0.900147
0,0.147643,1.54123,0.546007,0.0904929,0.186936,1.96729,0.3025,0.456633,0.111329,2.7343,0.791275
0,0.209187,0.67513,0.29622,0.102516,0.22074,2.64139,0.255497,0.48972,0.100702,2.88048,0.697206
0,0.666134,0.196079,0,0.155076,0.310006,2.8451,0.1099,0.530044,0.104623,2.68056,0.218538
0,0.502705,0.174133,0,0.127668,0.376085,2.69716,0.105784,0.537422,0.0731924,2.46436,0.354385
0.000534647,0.523053,0.230595,0.00576898,0.0574371,0.343119,2.61891,0.0345153,0.699524,0,2.5108,0.553121
0.000109678,0.591974,0.298391,0.00846363,0.00226756,0.304459,2.73681,0.0285308,0.766495,0.0295639,2.71351,0.315849
0,0.793475,0.217155,0.00136573,0.0102473,0.315598,2.80011,0.0334899,0.637793,0.0595122,2.91523,0.0997592
0,0.798338,0.1994,0,0.00910704,0.351483,2.6858,0.128488,0.533593,0.0386749,3.02684,0.0793421
0,0.596377,0.0744872,0,0.0743551,0.350632,2.58175,0.250127,0.473644,0.0478587,3.0585,0.0391245
0,0.309086,0.0652792,0,0.208377,0.746545,2.37778,0.406747,0.503581,0.0753285,2.86946,0
0,0.154804,0.0514183,0.0701152,0.358999,1.61029,1.30518,0.881411,0.625487,0.339392,2.50354,0