2091.4,1742.92,1946.89,3516.29,5607.23,6360.38,5064.6,2880.88,1241.63,669.314,1014.24,1563.28,2590.62,4680.41,5880.66,4647.77,2642.06,1554.8,1434.88,1927.84,2623.22,2723.76,1565.43,101.091,1093.36,4226.96,4974.11,3682.38,5580.17,11287.8,15847.8,14606.9,8678.69,3181.64,1091.17,1432.49,1750.4,1150.73,311.075,103.764,900.228,2390.83,3725.1,4316.79,4808.6,6073.19,7400.22,6532.7,3439.98,1210.89,692.153,421.995,393.67,952.524,1766.63,2579.8,3150.9,3284.11,2872.2,2173.95,2383.12,4051.18,4886.76,3051.85,970.33,1541.91,3631.99,4574.45,4326.28,4586.06,7880.58,14278.7,17036.1,12195.9,5434.57,2006.75,1330.09,1567.15,1870.72,1364.52,298.38,685.371,3067.85,4925.55,4739.52,4633.85,5848.95,6478.29,5125.91,2709.22,854.44,94.9602,58.1001,249.94,375.175,665.388,1500.98,2879.97,4055.74,4194.61,3808.2,4005.83,4712.09,4683.49,3102.77,852.367,369.581,2859.41,4933.1,3610.99,1804.45,2491.24,4775.49,6990.77,8115.29,7417.67,5014.08,2569,2301.49,3699.23,3238.42,954.281,504.394,2440.81,4853.77,6019.14,5496.5,4615.3,4279.77,4021.79,3024.24,1485.26,446.69,199.796,194.029,71.6809,161.171,938.187,2705.25,5180.32,6736.4,6004.74,4160.31,3822.72,4916.85,4318.88,1772.87,582.378,1677.53,2823.67,2659.37,1879.71,1521.1,2613.43,6019.61,10240.4,11023.3,7238.87,3422.43,2151.75,2058.34,1992.01,1204.32,330.115,1032.66,2770.61,3336.06,2469.17,1939.47,2283.11,2585.16,2386.34,1848.41,1210.96,662.101,285.926,155.903,251.909,530.168,1762.38,4256.48
3080.38,1996.74,2029.79,4269.79,7101.93,8056.83,6160.77,3194.83,1225.87,519.395,1042.77,1635.01,2623.62,5847.91,8008.54,6165.12,3174.67,1823.01,1757.77,2500.44,3592.22,3687.87,2172.7,177.003,1552.84,6235.23,6242.42,3196.46,5950.34,13697.4,21021.7,19823.8,11077.5,3713.23,829.274,1809.33,2988.47,2105.79,640.96,305.396,1317.05,3280.32,4737.47,4936.31,5350.36,6869.45,9153.46,8536.71,4085.73,1027.03,757.953,389.341,332.529,1094.99,2146.28,3436.89,4434.75,4593.19,3777.03,2402.14,2359.23,5079.94,6601.98,3722.89,676.711,1542.61,4452.41,5338.64,4540.92,4748.96,8477.28,19171,26246.8,18130.2,6542.76,2089.74,1442.52,1732.23,2459.84,1834.41,239.685,717.591,4062.82,6391.6,5201.03,4821.51,6890.5,8044.94,6505.19,3373.84,989.9,93.3293,53.1791,334.49,420.13,751.385,2142.38,4293.78,5699.81,5198.91,4225.17,4464.05,5526.62,5831.88,3884.38,982.494,235.924,3920.85,7248.88,4541.34,1447.63,2896.07,6232.28,10023.5,12191.6,10390.2,6363.76,2679.5,2084.88,4898.87,4543.11,911.609,423.618,2818.3,5987.42,7481.09,6278.34,5215.24,4965.01,5078.55,4277.87,2114.55,448.022,196.544,288.58,52.2657,167.017,1094.73,3313.04,6641.23,8588.18,7208.46,4343.24,3786.06,6017.49,5702.98,1958.78,328.39,2009.38,3640.61,3311.11,2089.4,1600.01,2878.44,8223.68,16070.8,16836,9031.64,3462.37,2281.71,2119.02,2397.86,1465.87,167.203,1138.21,3657.23,4412.71,2749.41,2010.12,2859.37,3468.5,3297.92,2531.8,1535.74,764.178,301.772,109.461,269.531,454.881,1985.19,5547.63
3978.77,1859,1837.79,4433.37,7747.47,8835.76,6365.44,3160.3,986.134,340.6,936.091,1529.06,2183.04,6480.55,9179.24,7253.48,3140.55,1854.95,1823.75,2681.92,4368.05,4144.15,2641.22,533.75,2285.07,7911.11,7088.11,2027.38,5856.94,13902.1,24141.4,23568.2,11737.6,4082.53,391.146,2170.94,4231.59,3209.21,1180.89,608.905,1543.21,3971.93,5235.74,4660.72,5265.4,6405.64,9979.15,9500.6,4399.75,649.222,809.446,300.445,285.175,1028.98,2306.25,3848.98,5294.09,5529.42,4158.87,2344.62,1859.78,5629.74,7801.43,3947.52,402.724,1432.29,4813.15,5302.9,4105.78,4142.52,7793.43,21629.7,35606.1,23260.2,6503.23,1954.88,1264.31,1674.32,2716.67,2280.39,239.058,787.04,4666.32,7367.31,4752.23,4304.75,6958.54,8560.68,7207.47,3561.92,1081.69,81.8037,43.2448,422.726,414.686,695.077,2756.8,5270.5,6947.08,5513.2,3909.11,4336.96,5421.05,6427.99,4131.58,1133.84,267.043,4925.7,9122.04,5236.04,770.178,3181.19,6730.82,12090.4,16043.9,12019,6980.13,2518.86,1535.36,5738.98,5595.13,980.341,462.447,2738.14,6421.75,8193.94,5900.95,5226.79,4735.96,5604.24,5127.74,2638.06,445.309,172.616,427.63,33.5782,167.342,1120.03,3542.67,7254.08,9558.64,7350.79,3946.31,3050.03,6461.29,6647.58,1965.62,109.562,2183.17,4074.81,3490.02,2053.99,1351.28,2798.69,9261.48,21980,22390.1,9357.96,3065.34,2004.62,1893.87,2434.1,1690.96,42.5744,1196.14,4116.72,5190.61,2577.47,1760.07,3101.3,3888.36,3977.04,2875.3,1708.9,746.092,285.574,43.0097,303.908,263.448,2105.18,6169.71
4476.61,1460.1,1422.67,4008.17,7224.22,8574.85,5485.82,2883.36,581.678,220.289,767.477,1338,1516.29,6418.57,8847.53,7729.7,2527.5,1693.78,1571.89,2471.55,4696.72,3927.52,2807.24,1135.62,3177.05,8799.84,7152.49,851.738,5455.34,11721.4,24277.1,25064.9,10127.9,4362,70.0336,2450.09,5059.12,4227.73,1822.16,932.566,1493.2,4243.05,5139.79,3542.24,4657.25,4802.4,9745.75,9009.11,4296.89,308.112,889.278,241.066,292.183,742.256,2278.86,3561.61,5543.75,5730.08,3892.39,2026.23,1139.25,5524.27,8145.94,3689.86,254.678,1249.64,4772.24,4272.59,3400.53,2779.17,6405.13,20344.9,43699.9,26125.9,5302.39,1641.49,927.305,1329.02,2640.85,2598.42,326.808,841.514,4791.32,7460.37,3678.12,3235.37,6108.57,7734.5,7128.86,3129.92,1137.41,77.3957,22.0761,521.648,413.664,582.222,3249.04,5293.78,7558.39,4996.94,3044.04,3611.98,4508.9,6240.07,3783.79,1239.84,539.737,5620.79,10068,5411.48,214.496,3328.23,6116.96,12377.8,19038.9,11399.9,6839.82,2166.68,1029.57,5848.29,6163.28,1243.74,641.002,2241.53,6009.53,8036.74,4452.25,4715.93,3629.31,5502.08,5263.21,2846.27,536.493,197.852,630.04,42.4837,133.253,1066.07,3258.79,6846.33,9343.96,6357.47,3132.13,1943.8,6099.84,6890.26,1851.73,31.8021,2094.57,4129.92,2987.18,1912.16,789.041,2584.69,8455.83,26959.7,26433.4,7924.76,2472.51,1402.1,1446.93,2129.88,1841.47,50.0031,1143.18,4081.15,5355.02,2119.85,1268,2983.33,3618.16,4270.59,2745.18,1649.9,661.948,222.635,12.6269,390.993,56.9569,2237.56,5739.06
4409.81,988.668,943.734,3148.71,5726.01,7381.5,3865.84,2436.3,210.623,183.371,691.586,1159.58,1006.44,5656.08,7137.03,7483.59,1648.57,1412.74,1113.32,1985.05,4486.91,3108.9,2626.45,1810.05,3879.21,8729.92,6324.91,257.403,4858.85,8099.39,21568.1,24336.9,6775.5,4563.67,120.959,2440.83,5341.93,4772.28,2369.77,1211.17,1146.73,4089.34,4477.69,2081.46,3690.03,2749.48,8549.83,7266.99,3760.33,244.616,1007.19,337.068,349.291,375.109,2080.51,2685.12,5124.94,5139.22,3071.66,1566.84,512.984,4784.92,7590.7,3030.53,249.858,1161.16,4217.76,2793.15,2524.73,1269.83,4858.65,15815.9,49176.6,26265.4,3431.34,1226.1,647.618,778.682,2349.16,2661.6,489.703,856.645,4390.32,6669.48,2398.41,2009.52,4648.7,5863.82,6315.58,2259.74,1118.21,121.448,3.96038,655.503,485.93,582.774,3471.41,4336.71,7382.19,3913.59,1992.52,2511.51,3187.93,5296.94,2987.64,1229.08,1004.07,5765.51,9813.97,5040.54,63.0319,3257.9,4813.28,10765.3,20825,8593.71,6208.14,1778.98,722.841,5277.57,6046.62,1631.85,925.43,1488.91,5004.65,7060.15,2571.93,3801.83,2135.73,4814.75,4660.23,2637.62,755.589,351.885,894.194,112.938,69.7331,984.349,2539.73,5590.77,8047.31,4570.71,2193.36,907.538,5045.53,6383.94,1685.53,76.4879,1851.02,3714.2,2098.18,1610.72,250.433,2308.87,6129.21,30087.9,28273.7,5254.87,1852.89,793.157,868.546,1693.51,1840.33,190.201,1016.15,3531.32,4890.34,1562.28,750.423,2551.3,2759.61,4098.21,2215.22,1373.94,579.295,145.092,81.3487,548.774,21.5987,2366.51,4413.19
3859.02,599.673,547.418,2157.02,3802.13,5602.58,2169.24,1836.12,61.2439,241.465,850.682,1062.72,879.579,4438.34,4628.72,6686.44,891.952,1117.5,637.563,1383.6,3870.77,1962.24,2182.19,2262.2,4198.34,7547.4,5075.14,281.281,4162.92,4544.38,17292.6,22134.3,3129.77,4546.05,507.908,2233.06,4884.72,4732.88,2591.8,1355.77,645.711,3643.96,3447.15,877.068,2587.17,1011.66,6893.11,4798.26,2988.27,486.012,1129.58,679.395,456.442,122.856,1697.07,1633.78,4112.42,4055.82,1967.46,1118.24,187.023,3663.15,6305.11,2225.38,304.621,1154.85,3383.87,1371.78,1618.95,305.586,3452.25,10078,51347.8,24356.9,1652.65,883.383,461.493,317.748,1889.86,2512.18,620.345,818.029,3535.48,5334.07,1295.55,996.345,3102.33,3569.66,5062.25,1294.08,969.722,235.413,17.5033,876.188,681.891,801.949,3299.94,2815.89,6501.01,2749.6,1145.26,1384.22,1887.32,3943.41,1978.48,1092.27,1442.7,5353.52,8322.84,4376.48,279.152,2934.94,3458.74,8055.74,21375.8,4806.96,5308.76,1547.38,621.279,4237.81,5294.06,1956.94,1176.25,774.758,3811.78,5588.66,1012.17,2661.39,852.934,3843.83,3478.26,2148.86,1011.06,616.641,1228.59,274.624,8.20072,900.617,1642.74,3868.3,6180.22,2569.27,1399.88,292.615,3612.99,5293.22,1525.59,169.033,1507.84,3032.58,1111.72,1225.29,10.2257,1952.37,3349.43,31011.1,27987.2,2467.62,1323.28,399.784,407.16,1211.25,1750.39,363.161,840.277,2620.56,4002.25,1063.13,388.097,1976.41,1597.54,3606.47,1455.15,994.446,535.798,93.4422,296.772,814.13,264.073,2353.55,2765.24
3030.75,359.178,338.806,1298.2,2072.28,3795.12,883.255,1182.2,178.656,384.911,1286.67,1115.74,1027.66,3128.58,2190.59,5599.66,590.37,836.616,314.765,899.077,2972.89,944.337,1608.98,2286.73,3956.81,5654.81,3738.24,682.451,3429.41,2216.95,13369,19624.9,681.581,4176.91,983.609,1941.9,3781.4,4169.95,2363.25,1341.13,211.215,3012.56,2457.05,230.59,1566.62,139.128,5236.05,2434.41,2188.38,831.209,1236.54,1252.7,617.826,114.945,1182.87,766.442,2861.86,2841.62,977.973,780.162,138.009,2530.02,4650.43,1478.39,341.623,1168.39,2488.31,379.44,951.466,67.9993,2284.1,5529.79,50475.6,21836.4,543.064,746.323,341.726,84.0538,1498.33,2130.23,656.244,678.928,2515.89,3809.48,625.444,422.383,1837.38,1604.91,3767.29,518.509,715.448,377.425,103.783,1220.7,1027.25,1142.16,2777.71,1299.14,5269.49,1951.59,662.138,589.219,928.027,2527.12,1111.29,819.553,1680.05,4374.43,6204.85,3465.6,725.02,2377.65,2505.51,5687.38,20915.1,1778.71,4266.99,1478.8,713.572,2932.89,4196.75,1995.07,1304.45,287.085,2800.91,4131.58,161.081,1564.71,174.157,2898.72,2158.43,1559.65,1181.86,891.385,1602.49,549.954,20.5125,770.928,864.887,2191.57,4285.74,999.68,858.823,139.741,2257.65,3884.95,1381.21,211.757,1183.71,2235.37,350.844,919.826,76.1475,1495.83,1263.23,30140.6,26307.3,612.832,980.752,226.383,197.65,875.902,1546.33,468.549,630.893,1655.3,2909.93,768.152,242.632,1390.1,584.066,2979.54,739.689,634.664,500.015,130.896,672.43,1181.89,724.279,2113.74,1338.01
2170.6,257.914,310.921,688.814,993.745,2390.16,188.082,615.23,447.05,635.511,1868.73,1298.76,1208.32,1959.73,603.216,4461.03,817.993,588.592,185.721,658.134,2010.64,333.596,1058.03,1888.54,3199.55,3623.09,2538.99,1093.18,2728.83,1416.46,11358,17717.6,176.658,3553.86,1239.44,1605.09,2424.42,3256.4,1775.25,1168.98,11.2913,2331.82,1782.45,111.863,798.395,154.86,3904.52,874.341,1450.08,1061.24,1299.14,1885.64,875.945,336.718,666.128,238.788,1788.05,1836.64,341.905,600.631,216.702,1622.23,3035.45,933.497,294.444,1089.36,1686.14,30.3592,577.279,272.966,1397.36,3651.15,47483.8,20141.2,215.806,771.273,320.458,91.0646,1226.45,1630.48,562.381,459.72,1562.63,2459.58,398.413,230.551,999.847,517.418,2683.04,100.45,436.998,476.715,309.594,1653.39,1447.72,1424.16,2043.18,315.707,4005.77,1782.06,495.657,211.579,431.963,1377.43,546.481,475.096,1628.03,3051.13,4111.74,2409.13,1184.14,1668.18,2070.84,5019.31,19571.1,814.253,3303,1362.19,857.605,1691.32,3044.32,1652.41,1253.92,120.51,2136.19,3015.24,29.7882,733.471,92.4043,2252.5,1130.39,1014.81,1199.49,1068.16,1907.79,939.471,167.839,567.422,355.782,1018.98,2735.03,179.07,574.589,252.625,1249.75,2502.4,1218.12,163.815,899.614,1492.71,37.7883,703.039,315.259,1002.09,481.734,28345.1,24266.9,71.4314,816.679,236.11,203.199,724.839,1267.27,442.278,417.423,857.747,1895.78,667.56,233.031,901.355,68.8361,2344.77,333.759,371.247,423.348,308.034,1164.15,1558.27,1208.41,1688.39,454.096
1490.16,220.472,338.919,378.605,640.629,1476.06,1.18958,272.044,611.569,1049.15,2452.7,1393.5,1265.15,1026.8,41.7172,3591.6,1333.15,361.842,196.549,574.261,1265.63,110.606,621.721,1295.97,2157.62,1957.4,1639.97,1150.77,2109.12,1842.64,11359.8,16643.1,1476.78,2831.18,1089.66,1270.19,1218.83,2306.78,1053.39,871.938,44.6133,1813.1,1384.14,249.209,349.685,601.927,3147.78,237.502,807.028,1111.76,1189.27,2400.71,1329.43,590.765,310.65,21.7606,1017.65,1305.68,135.637,474.518,287.312,963.859,1757.59,641.96,165.719,806.696,1202.64,138.057,320.438,601.984,737.386,3946.4,44358.9,19479.7,350.672,894.551,360.26,193.964,1171.18,1019.35,444.394,235.104,747.039,1569.83,374.5,233.59,538.856,307.822,1929.4,41.7326,220.813,445.852,641.108,2152.46,1733.61,1501.89,1275.86,17.4091,3035.3,2127.95,433.928,136.189,306.475,651.542,224.023,193.554,1345.14,1691.91,2541.99,1391.96,1418.97,1012.33,2038.38,6113.09,17785.9,1971.55,2513.75,1062.54,878.982,758.257,2115.27,992.834,1048.87,200.244,1813.04,2247.25,294.44,295.347,268.529,2049.9,611.033,618.381,1058.64,1033.01,2035.67,1485.38,429.026,314.826,80.7158,423.081,1799.15,14.3389,396.527,394.845,578.065,1476.97,969.862,41.6536,684.585,924.396,118.383,517.593,539.634,582.714,752.47,26628.3,22723.3,413.216,719.336,404.217,247.909,713.766,938.386,336.682,193.748,330.065,1205.32,596.673,266.73,527.587,68.0919,1865.53,299.799,203.543,292.505,587.719,1711.88,1833.84,1457.21,1192.1,121.664
1115.75,126.656,285.064,280.374,817.334,1011.95,36.6483,136.125,504.949,1767.4,2825.3,1262.77,1096.06,458.072,143.434,3066.9,1852.47,172.548,285.868,456.37,842.321,100.859,387.598,703.092,1217.55,975.823,1050.48,800.228,1533.77,2851.94,12208.7,16051.1,3599.19,2121.18,614.22,974.914,504.459,1544.61,425.224,607.99,159.191,1513.88,1131.1,383.98,153.046,939.549,2902.76,292.372,380.704,919.411,915.842,2613.49,2138.41,675.423,140.442,18.3576,557.512,1257.09,209.101,303.321,258.271,592.216,928.418,427.409,89.7382,458.948,895.784,519.865,172.097,826.683,386.213,4351.33,43465.5,19281.1,488.574,1159.82,299.303,271.045,1333.55,478.499,289.678,103.926,221.506,1125.26,270.182,230.609,320.502,641.559,1538.25,127.202,107.308,264.618,1129.2,2589.9,1727.45,1341.83,672.25,141.445,2450.3,2697.42,346.025,162.874,279.474,310.277,62.9908,79.7772,938.698,692.604,1622.03,625.01,1364.97,556.785,2250.09,7803.1,16040.1,4081.79,1948.32,608.629,714.317,225.845,1477.52,319.668,804.302,315.91,1667.04,1791.52,509.57,151.451,349.88,2263.01,665.457,390.096,751.529,818.11,1931.84,2234.69,727.288,100.458,6.90551,159.23,1463.28,185.053,222.832,423.727,213.552,837.757,607.881,11.4594,511.14,486.135,511.069,488.484,488.002,385.013,1037.87,26176.4,22272.5,697.239,713.94,589.299,185.703,882.979,569.639,187.275,53.6192,79.249,835.669,450.517,277.383,261.003,362.769,1647.17,432.407,121.301,131.166,912.047,2211.08,1901.38,1383.49,719.101,107.648
1006.37,29.2935,139.067,315.463,1163.39,885.4,47.1197,124.42,281.549,2788.28,2980.07,867.801,770.692,203.467,385.317,2856.35,2220.49,38.9134,414.936,224.534,696.938,109.112,362.958,299.005,645.294,620.362,729.005,396.231,1065.27,3713.76,12420.5,15341.7,5250.06,1559.07,151.722,751.162,300.586,1026.66,110.76,503.269,190.87,1419.49,865.926,408.81,103.069,1072.09,2980.17,566.252,181.391,578.903,557.143,2556.1,3334.98,624.095,106.589,87.2602,397.915,1444.42,414.47,102.092,185.194,430.112,446.94,273.944,200.792,192.406,686.505,959.392,189.008,937.185,697.012,3762.64,45894.1,19491.2,445.085,1684.8,220.932,465.626,1408.74,172.074,155.247,113.976,8.76395,1008.39,88.9219,156.605,248.821,1072.37,1435.55,157.381,83.4629,76.7561,1735.15,2903.75,1340.77,1028.04,317.348,341.462,2140.45,3148.22,257.758,220.33,197.071,210.848,10.8335,159.397,566.2,235.149,1194.89,313.55,1172.1,368.139,2541.18,8569.41,14568,5591.71,1590.14,193.204,468.967,24.5814,1050.04,12.9704,635.652,297.044,1571.05,1508.48,456.942,187.089,360.201,2690.86,1009.11,283.231,406.277,567.703,1623,3226.47,1003.72,19.7289,93.6653,81.947,1477.96,457.518,74.145,349.384,54.9683,483.377,292.6,175.309,345.136,233.228,921.109,681.923,246.427,648.524,718.128,27718.5,23361.2,414.635,1114.72,766.195,139.782,1014.55,284.117,55.798,16.6329,41.1371,771.002,261.219,255.72,102.452,697.799,1612.7,524.883,86.7869,27.3856,1185.61,2627.81,1635.62,1110.62,371.097,183.904
1002.66,63.8727,56.3256,369.37,1465.41,921.125,10.09,187.046,233.66,3822.06,3093.33,373.065,475.06,111.039,461.391,2812.14,2464.5,10.2297,639.559,22.0822,719.831,70.7486,359.511,202.691,497.76,522.722,632.601,365.644,823.217,3792.48,11460.2,13842.8,5687.97,1192.53,59.8619,581.665,358.925,832.436,141.644,426.669,104.627,1497.21,602.79,420.586,126.227,1224.49,3115.17,792.134,79.3344,298.341,271.767,2313.26,4748.7,733.552,184.385,144.662,424.848,1705.85,618.59,9.89366,144.883,401.762,267.844,263.564,324.719,110.131,535.403,1498.74,248.186,1060.39,1799.66,3106.31,51699.5,20967.4,464.153,2495.86,350.563,825.097,1397.56,45.037,64.7153,261.193,96.0388,1078.71,54.0747,97.8963,224.456,1380.17,1449.95,128.877,100.675,24.8989,2246.91,3278.59,642.928,748.977,144.458,382.458,1943.19,3330.01,312.343,397.651,136.599,226.929,32.2824,281.822,403.835,229.075,919.698,502.066,1185.04,464.543,2490.21,8069.74,12765.6,5914.93,1289.36,35.2243,257.053,57.3935,802.292,86.7892,519.948,144.254,1521.93,1266.32,291.482,318.263,516.647,3011.24,1496.41,168.25,218.705,363.418,1143.47,4517.05,1378.11,80.5017,234.088,152.372,1688.69,734.919,6.27365,258.709,81.4188,305.506,162.394,348.567,288.064,117.992,1372.17,807.15,194.234,1395.13,292.325,31555.3,26398.1,12.7136,2108.19,997.742,202.937,1121.38,73.99,22.0254,53.7068,153.849,999.526,224.477,243.373,26.0753,958.444,1591.54,534.664,56.5334,3.72711,1327.89,3059.81,1004.04,828.671,172.97,200.243
1178.24,214.619,39.2046,342.77,1764.59,984.131,7.12514,228.573,370.477,4996.48,3210.07,153.567,249.685,74.8067,418.108,2658.29,2589.17,241.245,972.447,104.293,861.884,14.3933,277.03,262.182,543.374,525.69,746.974,674.85,758.684,3052.53,9468.76,11333.2,5055.85,902.23,285.046,572.834,458.521,841.383,356.753,281.185,20.9193,1607.4,607.4,509.828,282.199,1433.4,3031.1,1019.4,19.5533,84.6327,219.346,2181.14,6382.84,1047.78,283.505,214.447,569.392,2088.4,660.436,6.97718,169.462,555.29,355.272,337.907,383.586,67.9883,521.695,2253.57,439.492,1110.48,3082.1,4005.13,61536.6,24892.9,1157.95,3040.83,709.457,1366.09,1605.42,0.800957,18.3819,542.39,459.371,1292.05,226.677,87.6049,213.372,1521.79,1475.13,94.8326,94.3208,73.7212,2844.93,3591.91,133.223,535.311,59.6226,286.26,1650.05,3288.05,628.783,705.974,296.31,369.496,91.4281,336.238,368.709,392.293,715.791,980.977,1536.05,718.404,1916.13,6628.2,10293.3,5323.96,891.198,127.016,185.239,130.98,747.047,384.92,358.263,37.6523,1390.69,1250.54,207.834,518.663,772.95,3086.02,2068.61,66.2855,113.716,267.531,876.67,6044.81,1919.28,205.564,345.198,377.699,2142.22,863.853,4.2498,223.772,265.561,269.118,136.89,467.572,211.584,169.941,1998.91,927.624,271.57,2050.43,790.361,38617.1,31844.4,422.573,2967.66,1297.32,452.71,1492.55,2.69806,80.4362,179.608,425.035,1397.59,472.705,280.596,38.674,1073.94,1519.53,451.962,26.0403,9.98512,1467.33,3358.75,381.36,616.527,59.2242,149.383
1550.3,466.568,46.4142,252.122,2030.76,1117.46,38.8569,202.587,693.827,6353.43,3598.31,250.579,168.304,61.1096,352.836,2338.77,2445.56,815.35,1410.38,549.302,1081.11,42.6999,150.845,366.016,631.817,463.575,931.101,1108.04,730.754,2105.87,6810,8214.08,3957.7,609.972,667.843,704.81,371.543,1000.68,629.711,122.712,33.0472,1713.44,929.648,744.724,638.144,1542.7,2688.78,1224.61,53.8258,1.06082,344.231,2686.77,8112.35,1546.9,324.464,291.874,898.27,2536.28,550.449,34.1071,277.139,799.077,528.362,508.217,440.103,35.9387,766.696,3094.23,921.516,971.726,4026.5,8379.29,74521.5,32547.9,2866.26,2921.28,1127.49,2373.33,2214.53,57.7035,139.591,852.453,930.871,1645.21,582.543,130.118,210.718,1450.86,1558.63,59.4881,49.5462,211.215,3694.23,3884.86,41.1628,424.475,25.2621,150.927,1227.12,3048.49,1185.79,1081.36,728.917,680.687,249.38,277.242,395.904,557.276,519.179,1439.04,2121.72,935.719,1264.39,4541.54,7577.86,4220.03,475.304,368.431,233.101,89.4822,887.455,780.849,200.54,9.34031,1265.96,1510.04,361.258,758.17,957.897,2943.58,2507.25,132.136,69.321,255.859,1224.27,7629.96,2699.06,313.682,373.419,828.701,2853.42,814.474,17.4778,273.982,503.304,276.058,197.713,544.733,112.845,347.625,2749.62,1350.06,261.929,2362.08,3446.5,48866.2,39862.1,2268.87,3071.77,1587.49,1251.47,2164.8,170.178,258.435,386.688,836.497,1859.96,944.46,378.129,128.386,999.948,1419.68,296.401,13.5072,28.7334,1705.26,3437.45,83.0275,486.689,8.96397,71.9981
2049.58,809.601,79.0408,181.959,2167.26,1396.6,84.5505,133.544,1278.5,7595.34,4413.58,616.921,238.622,71.5556,386.269,1794.22,2110.93,1469.51,1932.68,1387.07,1316.06,157.475,65.3609,402.3,731.174,304.072,1044.65,1628.42,585.177,1522.08,4136.74,5018.41,3087.89,273.596,1161,887.289,171.229,1262.28,839.869,29.4641,133.114,1833.69,1520.38,1087.66,1069.25,1537.59,2052.93,1416.39,240.772,118.213,660.711,3958.73,9633.69,2279.31,247.076,386.607,1467.63,2810.41,472.053,58.0261,446.411,1102.56,623.912,700.429,642.03,51.8767,1377.14,4041.11,1480.27,700.597,4467.53,16520.8,88648.1,43706.8,5411.47,2151.59,1567.34,3708.31,3314.52,410.804,576.945,1156.78,1235.7,2075.1,1090.3,237.449,176.104,1270.65,1689,51.573,19.0443,476.269,4659.4,4314.33,348.135,416.825,24.4323,74.9863,743.432,2673.46,1733.6,1512.25,1397.65,1091.61,504.189,192.745,384.318,699.755,284.744,1745.3,2880.68,964.267,884.612,2542.17,4874.84,3232.15,145.782,656.687,360.737,26.1568,1148.86,1162.05,101.849,29.148,1301.65,1947.53,755.349,997.103,988.038,2550.03,2713.26,429.819,111.677,354.77,2187.24,9103.44,3715.54,320.754,379.604,1532.75,3539.64,840.616,15.3107,394.33,810.445,242.356,264.397,721.743,5.60788,746.763,3693.58,1905.24,214.956,2404.95,8540.71,61148.2,49664.5,5317.42,2380.15,1873.59,2408.36,3140.3,759.222,645.974,648.089,1174.32,2317.75,1536.22,497.812,217.131,845.294,1253.68,145.355,35.8021,64.7962,2027.95,3345.44,175.516,420.345,12.4617,17.4295
2573.56,1224.59,135.373,161.797,2182.75,1749.34,160.22,98.1905,2088.09,8445.29,5322.93,1169.25,455.12,122.898,499.398,1164.57,1644.02,1878.49,2470.45,2403.17,1588.18,280.13,18.6368,371.742,808.834,130.002,1072.43,2115.33,436.962,1249.87,2076.08,2548.92,2447.4,70.6108,1647.43,1083.96,43.8804,1563.53,969.973,4.07454,264.126,1948.41,2189.2,1475.3,1345.64,1394.12,1288.75,1537.07,594.313,480.858,1201.13,5553.52,10634,3165.08,126.75,500.002,2138.88,2867.46,454.909,68.7748,670.852,1427.54,593.548,831.194,1053.98,289.28,2404.68,4838.53,1958.67,355.787,4532.47,26803,100664,55987,8250.61,1166.42,1896.5,4883.94,4845.55,1296.67,1373.42,1381.15,1228.12,2489.72,1658.93,400.144,101.674,1083.41,1816.9,123.132,56.4278,908.676,5516.73,4752.51,913.812,509.143,37.7845,76.6462,358.734,2213.74,2004.82,1891.05,2144.76,1563.83,743.839,122.606,334.21,801.678,85.8536,1898.47,3643.89,904.13,760.757,1082.34,2797.69,2462.33,9.85754,889.948,542.287,75.0422,1477.94,1435.84,95.7242,74.1497,1443.07,2446.38,1309.91,1111.68,849.512,1966.28,2652.63,890.915,287.616,592.957,3432.2,10159.1,4845.47,285.863,405.123,2382.3,4012.6,994.54,15.4447,607.736,1188.2,195.401,326.749,1036.91,83.3801,1456.36,4644.15,2426.54,156.588,2400.83,15276.4,72824.8,59135.4,8788.3,1348.59,2006.55,3472.61,4317.11,1840.29,1251.09,899.166,1266.35,2685.63,2093.69,602.043,248.633,653.045,1059.53,55.5702,94.341,152.594,2354.8,3107.85,518.421,408.318,49.5676,6.17429
3006.03,1665.27,207.761,209.287,2060.31,2053.18,299.927,175.425,2943.5,8646.86,5866.93,1741.6,738.301,241.438,578.76,630.667,1131.72,1852.11,2910.01,3248.63,1840.78,367.771,1.94117,317.37,825.914,38.7374,1065.45,2383.16,461.933,1117.87,849,1105,1912.3,170.137,1957.23,1289.16,136.628,1798.41,1052.02,34.839,387.912,1971.76,2677.34,1792.3,1336.9,1110.99,634.451,1503.38,1062.11,999.961,1911.47,6813.61,10837.5,3975.71,83.2405,665.518,2687.55,2694.05,484.648,77.5139,944.209,1703.01,466.624,869.957,1626.03,911.825,3688.06,5218.43,2168.87,80.344,4529.42,36243.8,106761,65639.9,10719.5,451.15,1910.05,5610.85,6421.38,2711.26,2378.69,1509.68,918.794,2807.54,2141.18,575.426,30.5397,919.321,1890.32,308.403,193.728,1485.27,5979.23,4960.75,1496.81,659.985,69.8346,110.585,163.956,1749.29,1852.59,2103.25,2710.73,2006.13,887.575,79.8141,283,847.947,9.86498,1965.12,4133.21,957.466,785.358,305.107,1544.79,1844.83,115.375,983.907,751.597,302.803,1771.44,1570.47,175.125,146.099,1556.8,2829.76,1837.49,1058.76,572.924,1344.28,2336.93,1349.86,577.143,954.828,4492.47,10483,5782.46,334.811,535.332,3120.05,4148.77,1209.5,64.6743,922.854,1576.91,207.609,422.11,1497.29,502.383,2427.87,5266.1,2785.12,154.69,2555.43,21958.2,80376.3,65439.7,11716,517.834,1870.25,4136.26,5345.76,3208.9,1994.32,1078.05,1069.96,2886.42,2436.68,668.329,208.709,445.367,867.844,70.8672,171.909,332.263,2535.96,2742.68,873.225,443.837,92.8489,22.6256
3218.81,2037.19,294.062,312.329,1795.66,2169.76,537.16,380.702,3581.81,8102,5689.11,2154.3,959.409,441.126,538.149,278.071,674.308,1438.05,3094.88,3648.97,1996.96,390.319,7.35798,283.585,739.457,92.1003,1091.18,2267.64,726.3,985.916,324.614,484.986,1438.51,543.378,1946.19,1519.3,455.091,1847.07,1127.54,96.8305,452.687,1865.51,2790.9,1918.1,1071.12,747.925,219.757,1309.03,1527.4,1484.41,2642.92,7154.79,10145.8,4427.8,206.15,918.006,2885.1,2327.84,524.367,110.478,1204.62,1871.03,319.19,842.733,2257.31,1883.87,4767.96,5218.4,1903.83,36.4828,4676.61,41730.9,104328,68953.4,12367.3,202.079,1621.05,5703.31,7438.5,4431.42,3352.99,1502.35,515.45,2908.78,2422.73,700.464,10.8408,769.481,1871.11,587.178,399.607,2101.12,5847.94,4728.51,1862.46,794.129,153.097,128.413,125.927,1352.23,1345.8,2049.09,2930.47,2268.1,899.107,76.6655,265.216,799.581,117.539,2017.09,4070.62,1262.58,822.059,99.7663,922.727,1339.92,354.842,914.451,969.59,628.369,1920.87,1591.99,272.335,233.294,1563.01,2930.85,2143.98,876.515,265.348,799.005,1851.04,1626.78,891.249,1370.6,4933.74,9924.43,6171.13,583.131,809.534,3461.57,3915.62,1370.61,200.634,1269.31,1902.88,331.006,609.667,2030.51,1230.28,3424.77,5451.37,2713.88,323.078,2902.93,26691.9,80839.8,66153.1,13407.9,146.122,1563.16,4128.15,5870.34,4541.38,2670.78,1124.68,717.474,2831.93,2485.37,664.099,127.988,251.339,703.964,166.401,241.766,615.728,2445.47,2278.91,1025.32,512.663,131.941,38.9403
3108.67,2231.26,401.095,401.23,1447.01,2007.05,833.079,682.926,3817.85,6847.23,4780.79,2241.52,1070.6,640.019,421.305,78.0281,343.733,903.123,2857.55,3565.77,1944.69,371.144,25.6099,236.399,631.256,232.267,1088.53,1904.73,1021.15,803.151,208.948,319.344,1025.3,910.397,1754.6,1632.56,836.995,1783.94,1095.97,183.541,448.517,1600.41,2523.62,1773.3,683.462,435.727,26.8197,1034.85,1819.5,1824.43,3078.86,6480.8,8555.07,4418.61,502.135,1183.99,2675.76,1827.96,529.88,197.856,1342.76,1895.5,245.086,832.739,2702.87,2993.85,5346.2,4684.98,1377.05,208.014,4966.53,41665.6,92767.1,64329.7,12944.2,325.192,1311.79,4921.17,7729.57,5809.98,4042.1,1407.65,247.959,2696.35,2471.3,708.868,52.761,654.758,1680.4,907.01,648.721,2543.49,5142.32,3973.62,1904.23,854.62,280.481,134.914,180.199,1004.44,764.256,1673.3,2811,2197.16,821.528,98.8462,252.976,708.227,341.97,2001.98,3522.41,1646.37,797.299,193.582,652.103,916.714,523.055,805.225,1060.62,938.389,1899.1,1468.09,351.981,300.999,1433.46,2680.44,2134.2,626.997,72.8554,392.207,1284.54,1657.65,1127.55,1655.93,4663.52,8440.93,5910.31,1003.79,1124.54,3351.59,3301.08,1403.03,422.974,1495.68,2115.23,570.21,871.478,2487.31,2128.48,4109.99,5116.64,2226.78,619.027,3360.93,28106.2,73287.5,60303.1,13696,194.679,1281.03,3369.8,5810.52,5287.02,3160.92,1011.29,397.731,2486.17,2283.49,559.675,53.2897,121.244,538.662,303.106,308.377,901.499,2121.72,1700.09,948.077,557.345,179.659,51.8522
2740.5,2134.6,516.268,427.934,1040.55,1658.38,1042.53,995.193,3583.66,5119.11,3464.94,1927.66,1074.94,721.234,301.646,8.47147,142.175,471.258,2252.13,3063.24,1673.52,328.002,41.673,190.42,497.851,392.056,993.33,1501.4,1071.5,605.836,228.422,297.598,698.651,1007.24,1514.69,1534.45,1149.87,1560.15,972.048,254.544,384.765,1207.53,2012.05,1374.22,338.624,222.275,8.82065,781.27,1802.84,1952.42,2977.4,5073.17,6371.77,3956.26,874.222,1324.05,2191.4,1271.84,471.677,313.581,1311.89,1756.22,298.986,841.304,2888.92,3753.86,5323.84,3654.25,904.075,400.352,5210.3,36508.2,73954.4,53145.5,12314.6,650.517,1029.59,3672.97,7055.97,6362.05,4277.83,1262.12,192.098,2290.21,2205.56,639.042,115.69,539.051,1382.7,1113.95,905.98,2625.39,4021.12,2897.64,1610.71,830.283,382.385,153.974,268.577,693.727,311.944,1144.21,2357.77,1847.4,663.891,131.12,242.578,580.154,577.87,1811.94,2798.52,1750.66,730.618,324.403,510.324,579.827,503.106,700.967,978.244,1144.45,1652.58,1233.09,378.678,334.201,1157.14,2186.01,1790.34,413.885,9.01729,152.247,777.792,1436.73,1203.79,1670.14,3799.1,6352.57,5064.96,1428.62,1355.14,2850.15,2455.23,1254.09,647.316,1544.94,2117.69,867.531,1157.41,2711.47,2855.07,4353.66,4178.89,1640.69,804.303,3793.92,25826.8,59339.3,49033.2,12745.6,538.094,993.864,2327.35,4992.95,5296.28,3253.79,832.066,195.765,1983.37,1865.57,404.923,12.9459,51.6206,388.019,408.972,385.773,1042.53,1658.64,1094.21,715.012,529.974,227.45,68.2711
2185.39,1782.96,590.68,369.401,654.292,1220.28,1067.22,1216.8,2894.55,3366.97,2101.24,1341.91,965.994,648.613,215.611,14.6576,46.9742,226.688,1517.16,2274.59,1277.83,268.878,46.4626,138.948,363.702,480.919,826.959,1098.63,839.851,437.223,230.017,259.402,464.284,815.6,1199.87,1287.73,1225.41,1239.53,761.116,279.489,279.451,798.57,1388.55,885.296,124.04,105.089,69.8575,600.953,1485.9,1818.79,2384.61,3343.86,4159.87,3101.28,1177.71,1272.05,1576.81,774.899,350.808,401.372,1133,1468.94,439.178,886.029,2705.35,3943.07,4565.05,2588.26,496.444,499.192,5169.29,28078,52082.1,38624.6,10596.1,1009.05,679.426,2463.45,5555.56,5938.22,3929.23,1143.98,318.846,1782.02,1699.17,530.16,154.758,408.507,1048.77,1105.6,1098.49,2278.03,2778.22,1792.67,1094.69,731.587,402.972,187.987,314.629,445.012,68.5804,668.973,1687.2,1350.4,475.472,143.206,210.989,440.256,700.312,1478.02,2043.5,1464.04,646.865,361.592,379.97,338.472,342.478,546.07,810.208,1103.76,1299.72,897.068,357.668,304.515,823.18,1559.78,1263.97,287.787,13.2452,47.583,430.381,1034.08,1096.65,1407.01,2597.32,4199.5,3813.47,1671.65,1412.85,2096.92,1593.3,955.042,769.294,1408.72,1887.51,1106.87,1371.16,2606.42,3167.68,3960.07,3035.32,1045.64,776.451,3953.51,20705.4,42358.6,35239.8,10793.3,1004.31,647.774,1385.65,3687.93,4558.45,2916.74,661.718,157.134,1442.72,1332.46,268.776,3.59228,25.3918,273.525,420.207,457.434,967.979,1159.06,594.005,415.246,442.106,244.924,89.5061