0.000000000,0.259093
0.023219955,0.224442
0.046439909,0.164266
0.069659864,0.169317
0.092879819,0.201174
0.116099773,0.194315
0.139319728,0.180593
0.162539683,0.187105
0.185759637,0.181087
0.208979592,0.217675
0.232199546,0.202284
0.255419501,0.172068
0.278639456,0.166465
0.301859410,0.186917
0.325079365,0.182512
0.348299320,0.172837
0.371519274,0.173201
0.394739229,0.19516
0.417959184,0.212807
0.441179138,0.196031
0.464399093,0.194536
0.487619048,0.182454
0.510839002,0.136402
0.534058957,0.15994
0.557278912,0.17505
0.580498866,0.177372
0.603718821,0.185114
0.626938776,0.191654
0.650158730,0.168865
0.673378685,0.151511
0.696598639,0.179156
0.719818594,14.0532
0.743038549,46.6047
0.766258503,103.332
0.789478458,140.555
0.812698413,161.137
0.835918367,135.255
0.859138322,120.433
0.882358277,91.0093
0.905578231,184.223
0.928798186,112.933
0.952018141,108.413
0.975238095,141.689
0.998458050,170.505
1.021678005,216.525
1.044897959,214.577
1.068117914,205.644
1.091337868,190.28
1.114557823,161.705
1.137777778,99.2918
1.160997732,70.8507
1.184217687,47.0814
1.207437642,18.0936
1.230657596,3.88956
1.253877551,3.84143
1.277097506,3.60058
1.300317460,5.77834
1.323537415,14.9052
1.346757370,23.0833
1.369977324,28.3831
1.393197279,33.8072
1.416417234,29.3351
1.439637188,22.1358
1.462857143,125.177
1.486077098,161.978
1.509297052,94.5476
1.532517007,170.371
1.555736961,108.948
1.578956916,62.29
1.602176871,66.2717
1.625396825,50.1848
1.648616780,71.845
1.671836735,116.033
1.695056689,177.832
1.718276644,190.91
1.741496599,171.765
1.764716553,143.698
1.787936508,133.592
1.811156463,122.565
1.834376417,108.058
1.857596372,78.1529
1.880816327,51.998
1.904036281,52.1235
1.927256236,8.42908
1.950476190,32.9287
1.973696145,430.433
1.996916100,883.588
2.020136054,708.259
2.043356009,684.976
2.066575964,596.915
2.089795918,496.614
2.113015873,457.251
2.136235828,403.171
2.159455782,358.639
2.182675737,408.147
2.205895692,325.618
2.229115646,228.078
2.252335601,175.585
2.275555556,349.187
2.298775510,405.145
2.321995465,308.954
2.345215420,270.046
2.368435374,220.135
2.391655329,257.529
2.414875283,261.177
2.438095238,215.767
2.461315193,213.007
2.484535147,161.544
2.507755102,87.3042
2.530975057,73.8178
2.554195011,860.793
2.577414966,624.378
2.600634921,586.886
2.623854875,678.974
2.647074830,216.518
2.670294785,116.391
2.693514739,95.4026
2.716734694,85.8679
2.739954649,72.6543
2.763174603,74.6583
2.786394558,64.8025
2.809614512,67.7637
2.832834467,298.424
2.856054422,385.46
2.879274376,344.219
2.902494331,240.432
2.925714286,223.074
2.948934240,155.944
2.972154195,140.543
2.995374150,146.701
3.018594104,85.9729
3.041814059,70.5004
3.065034014,75.2249
3.088253968,56.1637
3.111473923,81.0856
3.134693878,264.938
3.157913832,291.995
3.181133787,242.37
3.204353741,156.435
3.227573696,262.428
3.250793651,239.779
3.274013605,218.32
3.297233560,204.255
3.320453515,192.201
3.343673469,207.745
3.366893424,172.094
3.390113379,193.008
3.413333333,58.0433
3.436553288,53.3068
3.459773243,51.6945
3.482993197,52.1006
3.506213152,63.0802
3.529433107,56.2998
3.552653061,55.3851
3.575873016,53.187
3.599092971,50.1106
3.622312925,39.1904
3.645532880,40.4254
3.668752834,44.9087
3.691972789,913.682
3.715192744,611.49
3.738412698,736.888
3.761632653,793.979
3.784852608,344.322
3.808072562,83.2569
3.831292517,51.7368
3.854512472,37.0563
3.877732426,30.3038
3.900952381,48.4214
3.924172336,120.674
3.947392290,179.56
3.970612245,206.298
3.993832200,267.12
4.017052154,294.652
4.040272109,352.17
4.063492063,231.14
4.086712018,182.575
4.109931973,207.209
4.133151927,182.077
4.156371882,170.697
4.179591837,147.205
4.202811791,195.108
4.226031746,178.567
4.249251701,140.111
4.272471655,522.766
4.295691610,476.725
4.318911565,338.507
4.342131519,312.258
4.365351474,277.534
4.388571429,269.453
4.411791383,238.692
4.435011338,241.741
4.458231293,245.474
4.481451247,268.495
4.504671202,137.291
4.527891156,159.632
4.551111111,204.333
4.574331066,413.094
4.597551020,450.414
4.620770975,324.56
4.643990930,389.142
4.667210884,373.117
4.690430839,311.888
4.713650794,363.226
4.736870748,315.572
4.760090703,247.715
4.783310658,216.53
4.806530612,190.784
4.829750567,374.446
4.852970522,643.669
4.876190476,740.191
4.899410431,859.568
4.922630385,473.416
4.945850340,206.135
4.969070295,168.326
4.992290249,167.052
5.015510204,179.556
5.038730159,197.15
5.061950113,165.904
5.085170068,123.092
5.108390023,96.6355
5.131609977,436.895
5.154829932,400.559
5.178049887,290.385
5.201269841,241.077
5.224489796,235.894
5.247709751,231.515
5.270929705,181.265
5.294149660,195.873
5.317369615,142.757
5.340589569,173.983
5.363809524,183.905
5.387029478,214.862
5.410249433,285.319
5.433469388,365.186
5.456689342,361.816
5.479909297,458.784
5.503129252,322.588
5.526349206,238.123
5.549569161,229.439
5.572789116,223.801
5.596009070,253.808
5.619229025,218.625
5.642448980,252.221
5.665668934,268.946
5.688888889,190.618
5.712108844,104.049
5.735328798,88.3795
5.758548753,111.157
5.781768707,152.542
5.804988662,107.45
5.828208617,97.4631
5.851428571,139.12
5.874648526,92.012
5.897868481,90.6912
5.921088435,122.686
5.944308390,99.3918
5.967528345,121.264
5.990748299,953.461
6.013968254,793.913
6.037188209,824.647
6.060408163,556.823
6.083628118,202.495
6.106848073,124.688
6.130068027,116.506
6.153287982,53.7394
6.176507937,56.5126
6.199727891,100.271
6.222947846,117.37
6.246167800,170.117
6.269387755,184.15
6.292607710,182.337
6.315827664,221.244
6.339047619,195.819
6.362267574,163.668
6.385487528,177.627
6.408707483,220.468
6.431927438,159.019
6.455147392,138.981
6.478367347,145.822
6.501587302,65.4603
6.524807256,73.7267
6.548027211,713.689
6.571247166,835.235
6.594467120,699.624
6.617687075,599.525
6.640907029,531.278
6.664126984,448.3
6.687346939,449.647
6.710566893,459.709
6.733786848,389.427
6.757006803,367.417
6.780226757,377.791
6.803446712,326.154
6.826666667,275.482
6.849886621,396.052
6.873106576,386.973
6.896326531,499.463
6.919546485,466.195
6.942766440,473.667
6.965986395,466.098
6.989206349,408.727
7.012426304,352.039
7.035646259,320.95
7.058866213,218.918
7.082086168,174.899
7.105306122,173.452
7.128526077,799.183
7.151746032,599.625
7.174965986,702.882
7.198185941,546.123
7.221405896,365.422
7.244625850,354.922
7.267845805,327.381
7.291065760,324.123
7.314285714,316.278
7.337505669,291.543
7.360725624,279.792
7.383945578,241.95
7.407165533,549.112
7.430385488,569.394
7.453605442,392.92
7.476825397,248.889
7.500045351,281.127
7.523265306,248.972
7.546485261,228.806
7.569705215,224.189
7.592925170,172.207
7.616145125,150.372
7.639365079,130.706
7.662585034,148.303
7.685804989,191.765
7.709024943,309.954
7.732244898,394.478
7.755464853,304.785
7.778684807,265.341
7.801904762,278.257
7.825124717,239.385
7.848344671,203.222
7.871564626,226.292
7.894784580,227.288
7.918004535,236.309
7.941224490,250.907
7.964444444,196.213
7.987664399,168.284
8.010884354,161.002
8.034104308,244.817
8.057324263,286.909
8.080544218,291.517
8.103764172,207.111
8.126984127,253.214
8.150204082,212.853
8.173424036,198.327
8.196643991,199.052
8.219863946,195.53
8.243083900,206.66
8.266303855,860.958
8.289523810,682.864
8.312743764,733.356
8.335963719,704.004
8.359183673,283.55
8.382403628,119.628
8.405623583,88.8479
8.428843537,75.3387
8.452063492,64.9178
8.475283447,53.6086
8.498503401,53.2785
8.521723356,36.3691
8.544943311,179.716
8.568163265,303.096
8.591383220,278.869
8.614603175,305.491
8.637823129,296.254
8.661043084,220.084
8.684263039,273.838
8.707482993,313.762
8.730702948,280.374
8.753922902,263.283
8.777142857,239.679
8.800362812,205.312
8.823582766,220.133
8.846802721,558.295
8.870022676,450.217
8.893242630,316.524
8.916462585,264.001
8.939682540,232.32
8.962902494,253.178
8.986122449,228.834
9.009342404,179.384
9.032562358,184.956
9.055782313,223.19
9.079002268,100.642
9.102222222,94.5425
9.125442177,308.528
9.148662132,366.595
9.171882086,378.893
9.195102041,344.495
9.218321995,311.086
9.241541950,314.638
9.264761905,359.273
9.287981859,313.692
9.311201814,332.056
9.334421769,317.912
9.357641723,245.935
9.380861678,194.549
9.404081633,624.505
9.427301587,689.954
9.450521542,714.718
9.473741497,802.588
9.496961451,375.884
9.520181406,134.479
9.543401361,130.986
9.566621315,97.6341
9.589841270,80.0975
9.613061224,64.5477
9.636281179,61.9701
9.659501134,60.7473
9.682721088,73.2575
9.705941043,384.1
9.729160998,373.885
9.752380952,233.579
9.775600907,283.442
9.798820862,232.977
9.822040816,257.683
9.845260771,253.062
9.868480726,206.918
9.891700680,138.807
9.914920635,137.712
9.938140590,107.721
9.961360544,123.773
9.984580499,337.937
10.007800454,341.276
10.031020408,314.596
10.054240363,240.888
10.077460317,267.117
10.100680272,254.282
10.123900227,236.955
10.147120181,219.473
10.170340136,317.303
10.193560091,476.17
10.216780045,480.865
10.240000000,507.088
10.263219955,444.106
10.286439909,275.151
10.309659864,262.928
10.332879819,232.929
10.356099773,388.174
10.379319728,397.39
10.402539683,277.767
10.425759637,341.232
10.448979592,385.333
10.472199546,166.265
10.495419501,124.736
10.518639456,107.617
10.541859410,223.9
10.565079365,922.148
10.588299320,788.247
10.611519274,825.768
10.634739229,535.046
10.657959184,412.864
10.681179138,314.385
10.704399093,386.559
10.727619048,307.682
10.750839002,234.183
10.774058957,338.348
10.797278912,356.409
10.820498866,322.686
10.843718821,351.971
10.866938776,309.04
10.890158730,328.619
10.913378685,309.181
10.936598639,240.289
10.959818594,327.741
10.983038549,342.979
11.006258503,387.187
11.029478458,307.101
11.052698413,348.479
11.075918367,280.986
11.099138322,356.684
11.122358277,933.685
11.145578231,928.782
11.168798186,787.867
11.192018141,648.277
11.215238095,611.158
11.238458050,528.443
11.261678005,442.176
11.284897959,447.804
11.308117914,403.612
11.331337868,400.055
11.354557823,347.569
11.377777778,313.347
11.400997732,254.319
11.424217687,383.957
11.447437642,417.313
11.470657596,330.206
11.493877551,279.644
11.517097506,257.99
11.540317460,255.836
11.563537415,246.809
11.586757370,257.349
11.609977324,279.12
11.633197279,155.855
11.656417234,112.091
11.679637188,125.589
11.702857143,883.171
11.726077098,832.454
11.749297052,845.771
11.772517007,544.335
11.795736961,276.415
11.818956916,179.559
11.842176871,180.655
11.865396825,133.464
11.888616780,148.279
11.911836735,113.13
11.935056689,130.744
11.958276644,152.652
11.981496599,489.436
12.004716553,489.48
12.027936508,276.817
12.051156463,227.787
12.074376417,240.934
12.097596372,181.672
12.120816327,183.267
12.144036281,219.05
12.167256236,102.105
12.190476190,88.1927
12.213696145,77.6039
12.236916100,82.4508
12.260136054,143.513
12.283356009,371.81
12.306575964,439.44
12.329795918,409.228
12.353015873,431.537
12.376235828,434.991
12.399455782,320.773
12.422675737,272.049
12.445895692,313.837
12.469115646,250.338
12.492335601,287.697
12.515555556,275.613
12.538775510,230.045
12.561995465,189.275
12.585215420,171.827
12.608435374,118.406
12.631655329,92.3007
12.654875283,84.181
12.678095238,78.7598
12.701315193,69.0953
12.724535147,82.3999
12.747755102,68.972
12.770975057,63.5449
12.794195011,57.3102
12.817414966,45.1792
12.840634921,844.106
12.863854875,534.202
12.887074830,547.323
12.910294785,588.827
12.933514739,246.245
12.956734694,98.8754
12.979954649,57.0978
13.003174603,47.4792
13.026394558,59.2811
13.049614512,52.3996
13.072834467,49.0406
13.096054422,65.1149
13.119274376,88.8382
13.142494331,155.809
13.165714286,198.414
13.188934240,238.321
13.212154195,325.155
13.235374150,281.472
13.258594104,221.761
13.281814059,156.581
13.305034014,192.426
13.328253968,103.825
13.351473923,172.716
13.374693878,193.706
13.397913832,255.672
13.421133787,441.292
13.444353741,352.257
13.467573696,302.88
13.490793651,285.737
13.514013605,184.659
13.537233560,249.977
13.560453515,225.069
13.583673469,152.92
13.606893424,187.954
13.630113379,293.739
13.653333333,71.1442
13.676553288,55.3171
13.699773243,339.634
13.722993197,361.78
13.746213152,378.751
13.769433107,333.141
13.792653061,215.27
13.815873016,224.163
13.839092971,302.327
13.862312925,263.397
13.885532880,175.345
13.908752834,219.183
13.931972789,104.482
13.955192744,101.572
13.978412698,938.732
14.001632653,612.345
14.024852608,732.281
14.048072562,813.992
14.071292517,412.938
14.094512472,298.813
14.117732426,167.81
14.140952381,203.396
14.164172336,136.808
14.187392290,167.597
14.210612245,161.548
14.233832200,165.485
14.257052154,253.533
14.280272109,392.15
14.303492063,292.695
14.326712018,249.239
14.349931973,235.94
14.373151927,145.857
14.396371882,173.27
14.419591837,147.127
14.442811791,150.276
14.466031746,70.6653
14.489251701,82.9958
14.512471655,63.2708
14.535691610,62.7235
14.558911565,369.669
14.582131519,339.203
14.605351474,255.592
14.628571429,280.045
14.651791383,279.678
14.675011338,271.858
14.698231293,292.402
14.721451247,195.253
14.744671202,251.777
14.767891156,188.324
14.791111111,212.2
14.814331066,235.97
14.837551020,151.297
14.860770975,98.1948
14.883990930,76.416
14.907210884,113.292
14.930430839,92.4712
14.953650794,80.6058
14.976870748,87.1478
15.000090703,105.468
15.023310658,104.623
15.046530612,120.201
15.069750567,116.511
15.092970522,132.867
15.116190476,581.583
15.139410431,673.408
15.162630385,803.641
15.185850340,829.783
15.209070295,541.87
15.232290249,344.327
15.255510204,404.703
15.278730159,262.27
15.301950113,187.27
15.325170068,223.397
15.348390023,200.029
15.371609977,211.091
15.394829932,203.142
15.418049887,137.464
15.441269841,138.42
15.464489796,193.985
15.487709751,159.665
15.510929705,107.957
15.534149660,120.846
15.557369615,112.856
15.580589569,96.8278
15.603809524,91.137
15.627029478,93.5179
15.650249433,99.5732
15.673469388,186.876
15.696689342,853.174
15.719909297,843.421
15.743129252,630.919
15.766349206,640.005
15.789569161,517.941
15.812789116,494.507
15.836009070,448.293
15.859229025,416.951
15.882448980,336.166
15.905668934,339.992
15.928888889,344.379
15.952108844,301.552
15.975328798,263.225
15.998548753,375.693
16.021768707,379.198
16.044988662,242.943
16.068208617,260.582
16.091428571,262.632
16.114648526,267.519
16.137868481,225.542
16.161088435,229.85
16.184308390,267.151
16.207528345,95.2029
16.230748299,101.107
16.253968254,115.173
16.277188209,949.455
16.300408163,738.385
16.323628118,827.771
16.346848073,462.409
16.370068027,265.655
16.393287982,182.637
16.416507937,137.337
16.439727891,153.655
16.462947846,109.518
16.486167800,134.631
16.509387755,130.993
16.532607710,123.009
16.555827664,446.347
16.579047619,449.16
16.602267574,239.425
16.625487528,220.298
16.648707483,183.773
16.671927438,175.084
16.695147392,150.005
16.718367347,178.601
16.741587302,85.9172
16.764807256,65.3689
16.788027211,78.8066
16.811247166,105.113
16.834467120,131.549
16.857687075,322.453
16.880907029,402.892
16.904126984,453.727
16.927346939,396.694
16.950566893,377.513
16.973786848,318.21
16.997006803,320.794
17.020226757,311.132
17.043446712,282.011
17.066666667,308.471
17.089886621,332.357
17.113106576,214.756
17.136326531,213.976
17.159546485,149.875
17.182766440,113.896
17.205986395,89.3658
17.229206349,86.2484
17.252426304,88.5399
17.275646259,72.5475
17.298866213,70.042
17.322086168,65.3511
17.345306122,56.9315
17.368526077,59.5591
17.391746032,57.4243
17.414965986,887.892
17.438185941,686.731
17.461405896,703.335
17.484625850,523.626
17.507845805,200.459
17.531065760,100.535
17.554285714,54.4492
17.577505669,53.358
17.600725624,49.3019
17.623945578,54.9413
17.647165533,69.5156
17.670385488,70.2344
17.693605442,107.647
17.716825397,174.077
17.740045351,222.749
17.763265306,297.74
17.786485261,311.549
17.809705215,388.509
17.832925170,311.638
17.856145125,314.015
17.879365079,236.629
17.902585034,193.918
17.925804989,208.114
17.949024943,235.507
17.972244898,355.381
17.995464853,451.132
18.018684807,348.971
18.041904762,353.978
18.065124717,256.36
18.088344671,246.965
18.111564626,197.574
18.134784580,161.526
18.158004535,176.355
18.181224490,201.621
18.204444444,185.383
18.227664399,119.908
18.250884354,104.796
18.274104308,368.012
18.297324263,359.679
18.320544218,306.826
18.343764172,290.932
18.366984127,293.464
18.390204082,330.932
18.413424036,266.031
18.436643991,344.1
18.459863946,263.76
18.483083900,230.519
18.506303855,176.574
18.529523810,118.091
18.552743764,882.417
18.575963719,669.099
18.599183673,796.018
18.622403628,795.459
18.645623583,440.663
18.668843537,276.96
18.692063492,243.707
18.715283447,257.253
18.738503401,142.145
18.761723356,195.233
18.784943311,202.578
18.808163265,166.044
18.831383220,364.14
18.854603175,465.986
18.877823129,340.091
18.901043084,270.803
18.924263039,233.14
18.947482993,190.471
18.970702948,222.569
18.993922902,173.42
19.017142857,160.073
19.040362812,75.9779
19.063582766,94.4246
19.086802721,84.6462
19.110022676,74.8707
19.133242630,394.194
19.156462585,313.52
19.179682540,230.251
19.202902494,228.785
19.226122449,271.354
19.249342404,332.13
19.272562358,285.024
19.295782313,225.535
19.319002268,258.863
19.342222222,304.727
19.365442177,374.149
19.388662132,342.228
19.411882086,336.449
19.435102041,388.915
19.458321995,334.254
19.481541950,423.001
19.504761905,345.729
19.527981859,335.863
19.551201814,260.806
19.574421769,190.913
19.597641723,248.415
19.620861678,246.316
19.644081633,186.683
19.667301587,160.964
19.690521542,761.763
19.713741497,839.927
19.736961451,805.491
19.760181406,819.772
19.783401361,663.095
19.806621315,431.498
19.829841270,451.939
19.853061224,566.46
19.876281179,533.718
19.899501134,335.22
19.922721088,324.041
19.945941043,306.337
19.969160998,386.982
19.992380952,785.501
20.015600907,652.823
20.038820862,497.088
20.062040816,407.37
20.085260771,421.462
20.108480726,604.327
20.131700680,612.613
20.154920635,451.031
20.178140590,403.233
20.201360544,364.871
20.224580499,516.026
20.247800454,595.148
20.271020408,907.876
20.294240363,883.117
20.317460317,806.574
20.340680272,653.154
20.363900227,646.836
20.387120181,504.087
20.410340136,506.29
20.433560091,552.972
20.456780045,398.989
20.480000000,322.359
20.503219955,288.076
20.526439909,201.759
20.549659864,229.245
20.572879819,577.824
20.596099773,534.927
20.619319728,299.614
20.642539683,312.842
20.665759637,328.131
20.688979592,415.365
20.712199546,396.228
20.735419501,399.671
20.758639456,377.327
20.781859410,230.255
20.805079365,238.431
20.828299320,426.286
20.851519274,1137.18
20.874739229,1027.78
20.897959184,661.952
20.921179138,477.596
20.944399093,316.336
20.967619048,307.775
20.990839002,265.297
21.014058957,258.44
21.037278912,290.918
21.060498866,278.966
21.083718821,137.993
21.106938776,127.561
21.130158730,815.899
21.153378685,669.596
21.176598639,438.624
21.199818594,270.807
21.223038549,256.201
21.246258503,225.529
21.269478458,161.506
21.292698413,188.654
21.315918367,127.792
21.339138322,122.576
21.362358277,215.485
21.385578231,170.297
21.408798186,243.026
21.432018141,474.654
21.455238095,525.959
21.478458050,312.33
21.501678005,225.896
21.524897959,266.158
21.548117914,234.444
21.571337868,162.793
21.594557823,204.452
21.617777778,219.934
21.640997732,194.528
21.664217687,216.302
21.687437642,284.5
21.710657596,620.029
21.733877551,729.356
21.757097506,383.033
21.780317460,221.339
21.803537415,190.552
21.826757370,99.0685
21.849977324,296.358
21.873197279,226.168
21.896417234,245.579
21.919637188,69.1361
21.942857143,37.0602
21.966077098,54.0241
21.989297052,1218.55
22.012517007,965.524
22.035736961,908.975
22.058956916,504.165
22.082176871,199.775
22.105396825,164.283
22.128616780,108.151
22.151836735,138.994
22.175056689,88.5045
22.198276644,110.448
22.221496599,86.5695
22.244716553,69.2075
22.267936508,460.539
22.291156463,565.582
22.314376417,564.299
22.337596372,487.348
22.360816327,522.86
22.384036281,462.413
22.407256236,509.057
22.430476190,375.342
22.453696145,267.732
22.476916100,223.65
22.500136054,201.913
22.523356009,135.878
22.546575964,530.969
22.569795918,773.483
22.593015873,615.323
22.616235828,424.508
22.639455782,416.386
22.662675737,313.362
22.685895692,347.552
22.709115646,386.575
22.732335601,297.676
22.755555556,282.547
22.778775510,253.099
22.801995465,191.473
22.825215420,266.266
22.848435374,961.472
22.871655329,832.824
22.894875283,628.824
22.918095238,400.745
22.941315193,402.292
22.964535147,377.011
22.987755102,291.073
23.010975057,314.664
23.034195011,389.443
23.057414966,324.539
23.080634921,346.654
23.103854875,227.431
23.127074830,885.146
23.150294785,547.55
23.173514739,569.153
23.196734694,599.052
23.219954649,208.071
23.243174603,125.52
23.266394558,94.1364
23.289614512,79.309
23.312834467,64.462
23.336054422,54.242
23.359274376,41.0569
23.382494331,47.525
23.405714286,401.198
23.428934240,803.141
23.452154195,561.668
23.475374150,411.066
23.498594104,248.652
23.521814059,148.154
23.545034014,227.346
23.568253968,336.016
23.591473923,270.284
23.614693878,83.0757
23.637913832,68.4883
23.661133787,90.8118
23.684353741,152.754
23.707573696,889.102
23.730793651,945.235
23.754013605,527.117
23.777233560,632.835
23.800453515,376.685
23.823673469,668.7
23.846893424,729.096
23.870113379,373.467
23.893333333,337.266
23.916553288,336.3
23.939773243,357.522
23.962993197,341.487
23.986213152,662.911
24.009433107,457.888
24.032653061,338.755
24.055873016,136.836
24.079092971,175.604
24.102312925,137.112
24.125532880,154.999
24.148752834,200.867
24.171972789,122.36
24.195192744,216.179
24.218412698,147.386
24.241632653,131.629
24.264852608,908.56
24.288072562,948.185
24.311292517,791.63
24.334512472,662.591
24.357732426,381.299
24.380952381,196.849
24.404172336,193.333
24.427392290,117.047
24.450612245,95.388
24.473832200,81.5424
24.497052154,54.0529
24.520272109,98.8438
24.543492063,267.204
24.566712018,557.728
24.589931973,504.639
24.613151927,367.714
24.636371882,290.288
24.659591837,241.882
24.682811791,262.736
24.706031746,296.226
24.729251701,274.251
24.752471655,288.789
24.775691610,276.153
24.798911565,215.982
24.822131519,261.41
24.845351474,830.332
24.868571429,716.619
24.891791383,587.24
24.915011338,582.992
24.938231293,553.514
24.961451247,524.011
24.984671202,364.893
25.007891156,328.67
25.031111111,282.242
25.054331066,325.235
25.077551020,224.038
25.100770975,213.618
25.123990930,380.157
25.147210884,390.578
25.170430839,515.039
25.193650794,314.777
25.216870748,342.226
25.240090703,285.198
25.263310658,282.077
25.286530612,313.352
25.309750567,298.933
25.332970522,345.052
25.356190476,200.808
25.379410431,174.238
25.402630385,639.423
25.425850340,709.056
25.449070295,798.91
25.472290249,826.662
25.495510204,401.326
25.518730159,128.518
25.541950113,89.8597
25.565170068,101.58
25.588390023,96.0032
25.611609977,75.5196
25.634829932,67.3554
25.658049887,57.8378
25.681269841,72.5922
25.704489796,881.14
25.727709751,757.535
25.750929705,453.801
25.774149660,575.166
25.797369615,538.161
25.820589569,521.401
25.843809524,591.483
25.867029478,362.275
25.890249433,263.637
25.913469388,211.526
25.936689342,108.117
25.959909297,134.997
25.983129252,402.092
26.006349206,573.883
26.029569161,572.983
26.052789116,408.45
26.076009070,347.915
26.099229025,314.207
26.122448980,272.543
26.145668934,243.833
26.168888889,245.956
26.192108844,200.054
26.215328798,177.932
26.238548753,160.344
26.261768707,132.585
26.284988662,638.516
26.308208617,522.492
26.331428571,255.333
26.354648526,185.135
26.377868481,128.687
26.401088435,181.677
26.424308390,158.58
26.447528345,150.644
26.470748299,174.537
26.493968254,159.346
26.517188209,245.358
26.540408163,393.579
26.563628118,1003.12
26.586848073,779.303
26.610068027,769.059
26.633287982,479.947
26.656507937,159.386
26.679727891,73.0144
26.702947846,48.6314
26.726167800,35.9849
26.749387755,42.0905
26.772607710,26.0771
26.795827664,24.8071
26.819047619,21.9713
26.842267574,589.029
26.865487528,419.767
26.888707483,407.209
26.911927438,341.238
26.935147392,291.649
26.958367347,391.677
26.981587302,332.947
27.004807256,250.445
27.028027211,198.546
27.051247166,198.495
27.074467120,251
27.097687075,261.531
27.120907029,595.471
27.144126984,822.154
27.167346939,536.788
27.190566893,354.556
27.213786848,276.856
27.237006803,227.876
27.260226757,234.197
27.283446712,229.046
27.306666667,223.757
27.329886621,203.635
27.353106576,159.857
27.376326531,100.785
27.399546485,117.075
27.422766440,801.173
27.445986395,744.693
27.469206349,372.604
27.492426304,222.436
27.515646259,218.978
27.538866213,223.648
27.562086168,216.033
27.585306122,247.469
27.608526077,231.452
27.631746032,250.463
27.654965986,97.5517
27.678185941,113.671
27.701405896,963.515
27.724625850,674.216
27.747845805,657.314
27.771065760,491.781
27.794285714,212.153
27.817505669,95.0515
27.840725624,80.22
27.863945578,86.5611
27.887165533,76.7564
27.910385488,56.861
27.933605442,41.8872
27.956825397,43.8444
27.980045351,508.963
28.003265306,767.509
28.026485261,561.375
28.049705215,393.595
28.072925170,362.288
28.096145125,338.117
28.119365079,290.992
28.142585034,347.176
28.165804989,240.761
28.189024943,161.758
28.212244898,139.825
28.235464853,111.013
28.258684807,129.373
28.281904762,700.181
28.305124717,589.869
28.328344671,420.991
28.351564626,353.594
28.374784580,307.582
28.398004535,355.639
28.421224490,368.733
28.444444444,465.093
28.467664399,678.861
28.490884354,455.987
28.514104308,429.656
28.537324263,426.516
28.560544218,552.511
28.583764172,763.56
28.606984127,613.467
28.630204082,533.827
28.653424036,533.432
28.676643991,413.026
28.699863946,385.001
28.723083900,433.27
28.746303855,423.484
28.769523810,517.731
28.792743764,507.498
28.815963719,510.968
28.839183673,694.198
28.862403628,722.084
28.885623583,721.346
28.908843537,631.682
28.932063492,371.232
28.955283447,283.945
28.978503401,211.422
29.001723356,183.477
29.024943311,170.879
29.048163265,261.86
29.071383220,262.32
29.094603175,246.683
29.117823129,251.9
29.141043084,600.973
29.164263039,530.949
29.187482993,450.134
29.210702948,437.552
29.233922902,388.105
29.257142857,482.267
29.280362812,405.359
29.303582766,523.521
29.326802721,407.766
29.350022676,301.057
29.373242630,276.449
29.396462585,545.071
29.419682540,907.814
29.442902494,873.571
29.466122449,833.371
29.489342404,690.075
29.512562358,524.427
29.535782313,452.071
29.559002268,452.048
29.582222222,571.804
29.605442177,579.686
29.628662132,491.095
29.651882086,394.13
29.675102041,315.093
29.698321995,472.53
29.721541950,499.427
29.744761905,602.555
29.767981859,344.861
29.791201814,313.871
29.814421769,281.258
29.837641723,313.751
29.860861678,260.285
29.884081633,213.007
29.907301587,190.737
29.930521542,96.3992
29.953741497,126.048
29.976961451,1043.85
30.000181406,878.864
30.023401361,744.808
30.046621315,730.047
30.069841270,433.219
30.093061224,348.727
30.116281179,350.376
30.139501134,300.12
30.162721088,261.374
30.185941043,316.245
30.209160998,315.268
30.232380952,150.694
30.255600907,151.156
30.278820862,807.775
30.302040816,588.381
30.325260771,327.081
30.348480726,274.756
30.371700680,223.442
30.394920635,225.055
30.418140590,236.291
30.441360544,137.986
30.464580499,107.021
30.487800454,112.086
30.511020408,111.228
30.534240363,94.0825
30.557460317,644.271
30.580680272,571.716
30.603900227,510.248
30.627120181,268.168
30.650340136,217.371
30.673560091,261.79
30.696780045,199.942
30.720000000,246.715
30.743219955,182.298
30.766439909,144.715
30.789659864,139.209
30.812879819,158.82
30.836099773,120.777
30.859319728,453.944
30.882539683,477.105
30.905759637,284.251